﻿<?xml version="1.0" encoding="utf-8"?>
<FinancialDisclosure>
  <Member>
    <Prefix />
    <Last>Aazami</Last>
    <First>Shervin</First>
    <Suffix />
    <FilingType>C</FilingType>
    <StateDst>CA30</StateDst>
    <Year>2021</Year>
    <FilingDate>2/22/2021</FilingDate>
    <DocID>10039551</DocID>
  </Member>
  <Member>
    <Prefix>Hon.</Prefix>
    <Last>Allen</Last>
    <First>Richard W.</First>
    <Suffix />
    <FilingType>P</FilingType>
    <StateDst>GA12</StateDst>
    <Year>2021</Year>
    <FilingDate>1/13/2021</FilingDate>
    <DocID>20018021</DocID>
  </Member>
  <Member>
    <Prefix>Hon.</Prefix>
    <Last>Allen</Last>
    <First>Richard W.</First>
    <Suffix />
    <FilingType>P</FilingType>
    <StateDst>GA12</StateDst>
    <Year>2021</Year>
    <FilingDate>3/14/2021</FilingDate>
    <DocID>20018393</DocID>
  </Member>
  <Member>
    <Prefix>Hon.</Prefix>
    <Last>Allen</Last>
    <First>Richard W.</First>
    <Suffix />
    <FilingType>P</FilingType>
    <StateDst>GA12</StateDst>
    <Year>2021</Year>
    <FilingDate>4/6/2021</FilingDate>
    <DocID>20018530</DocID>
  </Member>
  <Member>
    <Prefix>Hon.</Prefix>
    <Last>Amash</Last>
    <First>Justin</First>
    <Suffix />
    <FilingType>T</FilingType>
    <StateDst>MI03</StateDst>
    <Year>2021</Year>
    <FilingDate>2/2/2021</FilingDate>
    <DocID>10039489</DocID>
  </Member>
  <Member>
    <Prefix />
    <Last>Amato</Last>
    <First>Bruno</First>
    <Suffix />
    <FilingType>A</FilingType>
    <StateDst>CA23</StateDst>
    <Year>2021</Year>
    <FilingDate>4/28/2021</FilingDate>
    <DocID>10040026</DocID>
  </Member>
  <Member>
    <Prefix />
    <Last>Amato</Last>
    <First>Bruno</First>
    <Suffix />
    <FilingType>C</FilingType>
    <StateDst>CA23</StateDst>
    <Year>2021</Year>
    <FilingDate>4/28/2021</FilingDate>
    <DocID>10040017</DocID>
  </Member>
  <Member>
    <Prefix />
    <Last>Anders</Last>
    <First>Bob</First>
    <Suffix />
    <FilingType>C</FilingType>
    <StateDst>MO02</StateDst>
    <Year>2021</Year>
    <FilingDate>4/15/2021</FilingDate>
    <DocID>10039735</DocID>
  </Member>
  <Member>
    <Prefix />
    <Last>Ardoin</Last>
    <First>Chelsea</First>
    <Suffix />
    <FilingType>C</FilingType>
    <StateDst>LA02</StateDst>
    <Year>2021</Year>
    <FilingDate>4/28/2021</FilingDate>
    <DocID>8217995</DocID>
  </Member>
  <Member>
    <Prefix />
    <Last>Atencio</Last>
    <First>Rudy A.</First>
    <Suffix />
    <FilingType>C</FilingType>
    <StateDst>TX08</StateDst>
    <Year>2021</Year>
    <FilingDate>4/14/2021</FilingDate>
    <DocID>10039732</DocID>
  </Member>
  <Member>
    <Prefix />
    <Last>Bailey</Last>
    <First>William</First>
    <Suffix />
    <FilingType>D</FilingType>
    <StateDst>SC07</StateDst>
    <Year>2021</Year>
    <FilingDate>4/26/2021</FilingDate>
    <DocID>8217993</DocID>
  </Member>
  <Member>
    <Prefix>Hon.</Prefix>
    <Last>Banks</Last>
    <First>James E Hon</First>
    <Suffix />
    <FilingType>P</FilingType>
    <StateDst>IN03</StateDst>
    <Year>2021</Year>
    <FilingDate>1/13/2021</FilingDate>
    <DocID>20018018</DocID>
  </Member>
  <Member>
    <Prefix />
    <Last>Bean</Last>
    <First>Lydia</First>
    <Suffix />
    <FilingType>C</FilingType>
    <StateDst>TX06</StateDst>
    <Year>2021</Year>
    <FilingDate>3/31/2021</FilingDate>
    <DocID>10039697</DocID>
  </Member>
  <Member>
    <Prefix>Mr.</Prefix>
    <Last>Berg</Last>
    <First>Matthew Richard</First>
    <Suffix />
    <FilingType>C</FilingType>
    <StateDst>TX22</StateDst>
    <Year>2021</Year>
    <FilingDate>3/12/2021</FilingDate>
    <DocID>10039617</DocID>
  </Member>
  <Member>
    <Prefix />
    <Last>Bernard</Last>
    <First>Claston</First>
    <Suffix />
    <FilingType>C</FilingType>
    <StateDst>LA02</StateDst>
    <Year>2021</Year>
    <FilingDate>3/10/2021</FilingDate>
    <DocID>10039601</DocID>
  </Member>
  <Member>
    <Prefix>Hon.</Prefix>
    <Last>Beyer</Last>
    <First>Donald Sternoff Honorable</First>
    <Suffix>Jr</Suffix>
    <FilingType>P</FilingType>
    <StateDst>VA08</StateDst>
    <Year>2021</Year>
    <FilingDate>1/1/2021</FilingDate>
    <DocID>20017909</DocID>
  </Member>
  <Member>
    <Prefix>Hon.</Prefix>
    <Last>Beyer</Last>
    <First>Donald Sternoff Honorable</First>
    <Suffix>Jr</Suffix>
    <FilingType>P</FilingType>
    <StateDst>VA08</StateDst>
    <Year>2021</Year>
    <FilingDate>1/31/2021</FilingDate>
    <DocID>20018096</DocID>
  </Member>
  <Member>
    <Prefix>Hon.</Prefix>
    <Last>Beyer</Last>
    <First>Donald Sternoff Honorable</First>
    <Suffix>Jr</Suffix>
    <FilingType>P</FilingType>
    <StateDst>VA08</StateDst>
    <Year>2021</Year>
    <FilingDate>2/27/2021</FilingDate>
    <DocID>20018292</DocID>
  </Member>
  <Member>
    <Prefix>Hon.</Prefix>
    <Last>Beyer</Last>
    <First>Donald Sternoff Honorable</First>
    <Suffix>Jr</Suffix>
    <FilingType>P</FilingType>
    <StateDst>VA08</StateDst>
    <Year>2021</Year>
    <FilingDate>4/1/2021</FilingDate>
    <DocID>20018431</DocID>
  </Member>
  <Member>
    <Prefix>Hon.</Prefix>
    <Last>Bishop</Last>
    <First>Rob</First>
    <Suffix />
    <FilingType>T</FilingType>
    <StateDst>UT01</StateDst>
    <Year>2021</Year>
    <FilingDate>2/4/2021</FilingDate>
    <DocID>8217836</DocID>
  </Member>
  <Member>
    <Prefix>Hon.</Prefix>
    <Last>Blumenauer</Last>
    <First>Earl</First>
    <Suffix />
    <FilingType>P</FilingType>
    <StateDst>OR03</StateDst>
    <Year>2021</Year>
    <FilingDate>1/6/2021</FilingDate>
    <DocID>20017979</DocID>
  </Member>
  <Member>
    <Prefix>Hon.</Prefix>
    <Last>Blumenauer</Last>
    <First>Earl</First>
    <Suffix />
    <FilingType>P</FilingType>
    <StateDst>OR03</StateDst>
    <Year>2021</Year>
    <FilingDate>2/3/2021</FilingDate>
    <DocID>20018142</DocID>
  </Member>
  <Member>
    <Prefix>Hon.</Prefix>
    <Last>Blumenauer</Last>
    <First>Earl</First>
    <Suffix />
    <FilingType>P</FilingType>
    <StateDst>OR03</StateDst>
    <Year>2021</Year>
    <FilingDate>3/3/2021</FilingDate>
    <DocID>20018321</DocID>
  </Member>
  <Member>
    <Prefix>Hon.</Prefix>
    <Last>Blumenauer</Last>
    <First>Earl</First>
    <Suffix />
    <FilingType>P</FilingType>
    <StateDst>OR03</StateDst>
    <Year>2021</Year>
    <FilingDate>3/5/2021</FilingDate>
    <DocID>20018338</DocID>
  </Member>
  <Member>
    <Prefix>Hon.</Prefix>
    <Last>Blumenauer</Last>
    <First>Earl</First>
    <Suffix />
    <FilingType>P</FilingType>
    <StateDst>OR03</StateDst>
    <Year>2021</Year>
    <FilingDate>4/2/2021</FilingDate>
    <DocID>20018506</DocID>
  </Member>
  <Member>
    <Prefix>Hon.</Prefix>
    <Last>Brindisi</Last>
    <First>Anthony</First>
    <Suffix />
    <FilingType>C</FilingType>
    <StateDst>NY22</StateDst>
    <Year>2021</Year>
    <FilingDate>2/10/2021</FilingDate>
    <DocID>10039525</DocID>
  </Member>
  <Member>
    <Prefix>Hon.</Prefix>
    <Last>Brooks</Last>
    <First>Mo</First>
    <Suffix />
    <FilingType>P</FilingType>
    <StateDst>AL05</StateDst>
    <Year>2021</Year>
    <FilingDate>1/26/2021</FilingDate>
    <DocID>20018077</DocID>
  </Member>
  <Member>
    <Prefix>Hon.</Prefix>
    <Last>Brooks</Last>
    <First>Mo</First>
    <Suffix />
    <FilingType>P</FilingType>
    <StateDst>AL05</StateDst>
    <Year>2021</Year>
    <FilingDate>2/12/2021</FilingDate>
    <DocID>20018204</DocID>
  </Member>
  <Member>
    <Prefix>Hon.</Prefix>
    <Last>Brooks</Last>
    <First>Mo</First>
    <Suffix />
    <FilingType>P</FilingType>
    <StateDst>AL05</StateDst>
    <Year>2021</Year>
    <FilingDate>2/16/2021</FilingDate>
    <DocID>20018223</DocID>
  </Member>
  <Member>
    <Prefix>Hon.</Prefix>
    <Last>Brooks</Last>
    <First>Mo</First>
    <Suffix />
    <FilingType>P</FilingType>
    <StateDst>AL05</StateDst>
    <Year>2021</Year>
    <FilingDate>4/20/2021</FilingDate>
    <DocID>20018605</DocID>
  </Member>
  <Member>
    <Prefix>Hon.</Prefix>
    <Last>Buchanan</Last>
    <First>Vern</First>
    <Suffix />
    <FilingType>P</FilingType>
    <StateDst>FL16</StateDst>
    <Year>2021</Year>
    <FilingDate>1/18/2021</FilingDate>
    <DocID>20018041</DocID>
  </Member>
  <Member>
    <Prefix>Hon.</Prefix>
    <Last>Buchanan</Last>
    <First>Vern</First>
    <Suffix />
    <FilingType>P</FilingType>
    <StateDst>FL16</StateDst>
    <Year>2021</Year>
    <FilingDate>2/25/2021</FilingDate>
    <DocID>20018280</DocID>
  </Member>
  <Member>
    <Prefix>Hon.</Prefix>
    <Last>Buchanan</Last>
    <First>Vern</First>
    <Suffix />
    <FilingType>P</FilingType>
    <StateDst>FL16</StateDst>
    <Year>2021</Year>
    <FilingDate>4/28/2021</FilingDate>
    <DocID>20018648</DocID>
  </Member>
  <Member>
    <Prefix />
    <Last>Burau</Last>
    <First>Justin</First>
    <Suffix />
    <FilingType>D</FilingType>
    <StateDst>IL06</StateDst>
    <Year>2021</Year>
    <FilingDate>4/29/2021</FilingDate>
    <DocID>40003169</DocID>
  </Member>
  <Member>
    <Prefix>Hon.</Prefix>
    <Last>Castor</Last>
    <First>Kathy</First>
    <Suffix />
    <FilingType>P</FilingType>
    <StateDst>FL14</StateDst>
    <Year>2021</Year>
    <FilingDate>1/4/2021</FilingDate>
    <DocID>20017966</DocID>
  </Member>
  <Member>
    <Prefix>Hon.</Prefix>
    <Last>Castor</Last>
    <First>Kathy</First>
    <Suffix />
    <FilingType>P</FilingType>
    <StateDst>FL14</StateDst>
    <Year>2021</Year>
    <FilingDate>2/18/2021</FilingDate>
    <DocID>20018237</DocID>
  </Member>
  <Member>
    <Prefix>Hon.</Prefix>
    <Last>Castor</Last>
    <First>Kathy</First>
    <Suffix />
    <FilingType>P</FilingType>
    <StateDst>FL14</StateDst>
    <Year>2021</Year>
    <FilingDate>4/14/2021</FilingDate>
    <DocID>20018576</DocID>
  </Member>
  <Member>
    <Prefix />
    <Last>Castorani</Last>
    <First>John</First>
    <Suffix />
    <FilingType>D</FilingType>
    <StateDst>VA07</StateDst>
    <Year>2021</Year>
    <FilingDate>4/28/2021</FilingDate>
    <DocID>40003167</DocID>
  </Member>
  <Member>
    <Prefix>Mrs.</Prefix>
    <Last>Christophe</Last>
    <First>Sandra</First>
    <Suffix />
    <FilingType>C</FilingType>
    <StateDst>LA05</StateDst>
    <Year>2021</Year>
    <FilingDate>3/16/2021</FilingDate>
    <DocID>10039638</DocID>
  </Member>
  <Member>
    <Prefix>Hon.</Prefix>
    <Last>Cisneros</Last>
    <First>Gilbert</First>
    <Suffix />
    <FilingType>P</FilingType>
    <StateDst>CA39</StateDst>
    <Year>2021</Year>
    <FilingDate>1/11/2021</FilingDate>
    <DocID>20017992</DocID>
  </Member>
  <Member>
    <Prefix>Hon.</Prefix>
    <Last>Cisneros</Last>
    <First>Gilbert</First>
    <Suffix />
    <FilingType>T</FilingType>
    <StateDst>CA39</StateDst>
    <Year>2021</Year>
    <FilingDate>4/27/2021</FilingDate>
    <DocID>10039421</DocID>
  </Member>
  <Member>
    <Prefix>Hon.</Prefix>
    <Last>Cisneros</Last>
    <First>Gilbert</First>
    <Suffix />
    <FilingType>X</FilingType>
    <StateDst>CA39</StateDst>
    <Year>2021</Year>
    <FilingDate>1/11/2021</FilingDate>
    <DocID>30011630</DocID>
  </Member>
  <Member>
    <Prefix>Hon.</Prefix>
    <Last>Clark</Last>
    <First>Katherine M.</First>
    <Suffix />
    <FilingType>P</FilingType>
    <StateDst>MA05</StateDst>
    <Year>2021</Year>
    <FilingDate>3/2/2021</FilingDate>
    <DocID>20018307</DocID>
  </Member>
  <Member>
    <Prefix>Hon.</Prefix>
    <Last>Clay</Last>
    <First>Wm. Lacy</First>
    <Suffix />
    <FilingType>T</FilingType>
    <StateDst>MO01</StateDst>
    <Year>2021</Year>
    <FilingDate>4/2/2021</FilingDate>
    <DocID>8217923</DocID>
  </Member>
  <Member>
    <Prefix>Hon.</Prefix>
    <Last>Clay</Last>
    <First>Wm. Lacy</First>
    <Suffix />
    <FilingType>X</FilingType>
    <StateDst>MO01</StateDst>
    <Year>2021</Year>
    <FilingDate>4/15/2021</FilingDate>
    <DocID>8217978</DocID>
  </Member>
  <Member>
    <Prefix>Hon.</Prefix>
    <Last>Collins</Last>
    <First>Doug</First>
    <Suffix />
    <FilingType>T</FilingType>
    <StateDst>GA09</StateDst>
    <Year>2021</Year>
    <FilingDate>3/1/2021</FilingDate>
    <DocID>10039511</DocID>
  </Member>
  <Member>
    <Prefix />
    <Last>Compton</Last>
    <First>William Dakota</First>
    <Suffix />
    <FilingType>C</FilingType>
    <StateDst>KY02</StateDst>
    <Year>2021</Year>
    <FilingDate>4/21/2021</FilingDate>
    <DocID>8217989</DocID>
  </Member>
  <Member>
    <Prefix>Hon.</Prefix>
    <Last>Conaway</Last>
    <First>K. Michael</First>
    <Suffix />
    <FilingType>P</FilingType>
    <StateDst>TX11</StateDst>
    <Year>2021</Year>
    <FilingDate>1/22/2021</FilingDate>
    <DocID>20018064</DocID>
  </Member>
  <Member>
    <Prefix>Hon.</Prefix>
    <Last>Conaway</Last>
    <First>K. Michael</First>
    <Suffix />
    <FilingType>P</FilingType>
    <StateDst>TX11</StateDst>
    <Year>2021</Year>
    <FilingDate>3/25/2021</FilingDate>
    <DocID>20018460</DocID>
  </Member>
  <Member>
    <Prefix>Hon.</Prefix>
    <Last>Conaway</Last>
    <First>K. Michael</First>
    <Suffix />
    <FilingType>X</FilingType>
    <StateDst>TX11</StateDst>
    <Year>2021</Year>
    <FilingDate>1/21/2021</FilingDate>
    <DocID>30011634</DocID>
  </Member>
  <Member>
    <Prefix />
    <Last>Conerly</Last>
    <First>Chad</First>
    <Suffix />
    <FilingType>C</FilingType>
    <StateDst>LA05</StateDst>
    <Year>2021</Year>
    <FilingDate>2/16/2021</FilingDate>
    <DocID>10039543</DocID>
  </Member>
  <Member>
    <Prefix>Hon.</Prefix>
    <Last>Connolly</Last>
    <First>Gerald E.</First>
    <Suffix />
    <FilingType>P</FilingType>
    <StateDst>VA11</StateDst>
    <Year>2021</Year>
    <FilingDate>1/27/2021</FilingDate>
    <DocID>20018084</DocID>
  </Member>
  <Member>
    <Prefix>Mr.</Prefix>
    <Last>Cox</Last>
    <First>Terrence John (Tj)</First>
    <Suffix />
    <FilingType>X</FilingType>
    <StateDst>CA21</StateDst>
    <Year>2021</Year>
    <FilingDate>1/26/2021</FilingDate>
    <DocID>30011638</DocID>
  </Member>
  <Member>
    <Prefix />
    <Last>Crain</Last>
    <First>Mark Brewer</First>
    <Suffix />
    <FilingType>D</FilingType>
    <StateDst>TN09</StateDst>
    <Year>2021</Year>
    <FilingDate>3/11/2021</FilingDate>
    <DocID>40003136</DocID>
  </Member>
  <Member>
    <Prefix>Hon.</Prefix>
    <Last>Crenshaw</Last>
    <First>Daniel</First>
    <Suffix />
    <FilingType>P</FilingType>
    <StateDst>TX02</StateDst>
    <Year>2021</Year>
    <FilingDate>3/24/2021</FilingDate>
    <DocID>20018373</DocID>
  </Member>
  <Member>
    <Prefix>Hon.</Prefix>
    <Last>Cunningham</Last>
    <First>Joe</First>
    <Suffix />
    <FilingType>T</FilingType>
    <StateDst>SC01</StateDst>
    <Year>2021</Year>
    <FilingDate>2/21/2021</FilingDate>
    <DocID>10039501</DocID>
  </Member>
  <Member>
    <Prefix>Hon.</Prefix>
    <Last>Cunningham</Last>
    <First>Joe</First>
    <Suffix />
    <FilingType>X</FilingType>
    <StateDst>SC01</StateDst>
    <Year>2021</Year>
    <FilingDate>2/2/2021</FilingDate>
    <DocID>30011643</DocID>
  </Member>
  <Member>
    <Prefix>Hon.</Prefix>
    <Last>Curtis</Last>
    <First>John</First>
    <Suffix />
    <FilingType>P</FilingType>
    <StateDst>UT03</StateDst>
    <Year>2021</Year>
    <FilingDate>2/4/2021</FilingDate>
    <DocID>20018140</DocID>
  </Member>
  <Member>
    <Prefix>Mr.</Prefix>
    <Last>D'Agostino</Last>
    <First>Nicholas A.</First>
    <Suffix />
    <FilingType>D</FilingType>
    <StateDst>NJ05</StateDst>
    <Year>2021</Year>
    <FilingDate>4/20/2021</FilingDate>
    <DocID>40003159</DocID>
  </Member>
  <Member>
    <Prefix>Hon.</Prefix>
    <Last>Davidson</Last>
    <First>Warren</First>
    <Suffix />
    <FilingType>P</FilingType>
    <StateDst>OH08</StateDst>
    <Year>2021</Year>
    <FilingDate>3/25/2021</FilingDate>
    <DocID>20017743</DocID>
  </Member>
  <Member>
    <Prefix />
    <Last>Davis</Last>
    <First>Morris D Col</First>
    <Suffix />
    <FilingType>C</FilingType>
    <StateDst>NC11</StateDst>
    <Year>2021</Year>
    <FilingDate>3/25/2021</FilingDate>
    <DocID>10039666</DocID>
  </Member>
  <Member>
    <Prefix>Hon.</Prefix>
    <Last>Davis</Last>
    <First>Susan A.</First>
    <Suffix />
    <FilingType>T</FilingType>
    <StateDst>CA53</StateDst>
    <Year>2021</Year>
    <FilingDate>1/26/2021</FilingDate>
    <DocID>10039440</DocID>
  </Member>
  <Member>
    <Prefix>Hon.</Prefix>
    <Last>DelBene</Last>
    <First>Suzan K.</First>
    <Suffix />
    <FilingType>P</FilingType>
    <StateDst>WA01</StateDst>
    <Year>2021</Year>
    <FilingDate>1/13/2021</FilingDate>
    <DocID>20017962</DocID>
  </Member>
  <Member>
    <Prefix>Hon.</Prefix>
    <Last>DelBene</Last>
    <First>Suzan K.</First>
    <Suffix />
    <FilingType>P</FilingType>
    <StateDst>WA01</StateDst>
    <Year>2021</Year>
    <FilingDate>2/16/2021</FilingDate>
    <DocID>20018128</DocID>
  </Member>
  <Member>
    <Prefix>Hon.</Prefix>
    <Last>DelBene</Last>
    <First>Suzan K.</First>
    <Suffix />
    <FilingType>P</FilingType>
    <StateDst>WA01</StateDst>
    <Year>2021</Year>
    <FilingDate>3/17/2021</FilingDate>
    <DocID>20018303</DocID>
  </Member>
  <Member>
    <Prefix>Hon.</Prefix>
    <Last>DelBene</Last>
    <First>Suzan K.</First>
    <Suffix />
    <FilingType>P</FilingType>
    <StateDst>WA01</StateDst>
    <Year>2021</Year>
    <FilingDate>4/13/2021</FilingDate>
    <DocID>20018499</DocID>
  </Member>
  <Member>
    <Prefix>Hon.</Prefix>
    <Last>Dingell</Last>
    <First>Debbie</First>
    <Suffix />
    <FilingType>P</FilingType>
    <StateDst>MI12</StateDst>
    <Year>2021</Year>
    <FilingDate>1/13/2021</FilingDate>
    <DocID>20017983</DocID>
  </Member>
  <Member>
    <Prefix>Hon.</Prefix>
    <Last>Dingell</Last>
    <First>Debbie</First>
    <Suffix />
    <FilingType>P</FilingType>
    <StateDst>MI12</StateDst>
    <Year>2021</Year>
    <FilingDate>2/1/2021</FilingDate>
    <DocID>20018112</DocID>
  </Member>
  <Member>
    <Prefix>Hon.</Prefix>
    <Last>Dingell</Last>
    <First>Debbie</First>
    <Suffix />
    <FilingType>P</FilingType>
    <StateDst>MI12</StateDst>
    <Year>2021</Year>
    <FilingDate>3/10/2021</FilingDate>
    <DocID>20018361</DocID>
  </Member>
  <Member>
    <Prefix>Hon.</Prefix>
    <Last>Dingell</Last>
    <First>Debbie</First>
    <Suffix />
    <FilingType>P</FilingType>
    <StateDst>MI12</StateDst>
    <Year>2021</Year>
    <FilingDate>3/25/2021</FilingDate>
    <DocID>20018459</DocID>
  </Member>
  <Member>
    <Prefix>Hon.</Prefix>
    <Last>Dingell</Last>
    <First>Debbie</First>
    <Suffix />
    <FilingType>P</FilingType>
    <StateDst>MI12</StateDst>
    <Year>2021</Year>
    <FilingDate>4/1/2021</FilingDate>
    <DocID>20018488</DocID>
  </Member>
  <Member>
    <Prefix />
    <Last>Disanto</Last>
    <First>Delina</First>
    <Suffix />
    <FilingType>C</FilingType>
    <StateDst>AZ04</StateDst>
    <Year>2021</Year>
    <FilingDate>3/30/2021</FilingDate>
    <DocID>10039687</DocID>
  </Member>
  <Member>
    <Prefix>Hon.</Prefix>
    <Last>Doggett</Last>
    <First>Lloyd</First>
    <Suffix />
    <FilingType>P</FilingType>
    <StateDst>TX35</StateDst>
    <Year>2021</Year>
    <FilingDate>1/6/2021</FilingDate>
    <DocID>20017977</DocID>
  </Member>
  <Member>
    <Prefix>Hon.</Prefix>
    <Last>Doggett</Last>
    <First>Lloyd</First>
    <Suffix />
    <FilingType>P</FilingType>
    <StateDst>TX35</StateDst>
    <Year>2021</Year>
    <FilingDate>3/8/2021</FilingDate>
    <DocID>20018349</DocID>
  </Member>
  <Member>
    <Prefix>Hon.</Prefix>
    <Last>Doggett</Last>
    <First>Lloyd</First>
    <Suffix />
    <FilingType>P</FilingType>
    <StateDst>TX35</StateDst>
    <Year>2021</Year>
    <FilingDate>4/7/2021</FilingDate>
    <DocID>20018533</DocID>
  </Member>
  <Member>
    <Prefix>Hon.</Prefix>
    <Last>Dunn</Last>
    <First>Neal Patrick MD, Facs</First>
    <Suffix />
    <FilingType>P</FilingType>
    <StateDst>FL02</StateDst>
    <Year>2021</Year>
    <FilingDate>1/15/2021</FilingDate>
    <DocID>20018007</DocID>
  </Member>
  <Member>
    <Prefix>Hon.</Prefix>
    <Last>Dunn</Last>
    <First>Neal Patrick MD, Facs</First>
    <Suffix />
    <FilingType>P</FilingType>
    <StateDst>FL02</StateDst>
    <Year>2021</Year>
    <FilingDate>3/24/2021</FilingDate>
    <DocID>20018369</DocID>
  </Member>
  <Member>
    <Prefix />
    <Last>Egan</Last>
    <First>Michael C.</First>
    <Suffix />
    <FilingType>C</FilingType>
    <StateDst>TX06</StateDst>
    <Year>2021</Year>
    <FilingDate>4/2/2021</FilingDate>
    <DocID>10039706</DocID>
  </Member>
  <Member>
    <Prefix />
    <Last>Eldon</Last>
    <First>Anthony W.</First>
    <Suffix />
    <FilingType>D</FilingType>
    <StateDst>FL14</StateDst>
    <Year>2021</Year>
    <FilingDate>1/28/2021</FilingDate>
    <DocID>8217827</DocID>
  </Member>
  <Member>
    <Prefix />
    <Last>Ellzey</Last>
    <First>John Kevin</First>
    <Suffix>Sr</Suffix>
    <FilingType>C</FilingType>
    <StateDst>TX06</StateDst>
    <Year>2021</Year>
    <FilingDate>4/2/2021</FilingDate>
    <DocID>10039702</DocID>
  </Member>
  <Member>
    <Prefix>Hon.</Prefix>
    <Last>Evans</Last>
    <First>Dwight</First>
    <Suffix />
    <FilingType>P</FilingType>
    <StateDst>PA03</StateDst>
    <Year>2021</Year>
    <FilingDate>2/9/2021</FilingDate>
    <DocID>20018181</DocID>
  </Member>
  <Member>
    <Prefix>Hon.</Prefix>
    <Last>Finkenauer</Last>
    <First>Abby</First>
    <Suffix />
    <FilingType>T</FilingType>
    <StateDst>IA01</StateDst>
    <Year>2021</Year>
    <FilingDate>1/29/2021</FilingDate>
    <DocID>10039472</DocID>
  </Member>
  <Member>
    <Prefix>Hon.</Prefix>
    <Last>Fleischmann</Last>
    <First>Charles J. "Chuck"</First>
    <Suffix />
    <FilingType>P</FilingType>
    <StateDst>TN03</StateDst>
    <Year>2021</Year>
    <FilingDate>3/3/2021</FilingDate>
    <DocID>8217884</DocID>
  </Member>
  <Member>
    <Prefix>Hon.</Prefix>
    <Last>Flores</Last>
    <First>Bill</First>
    <Suffix />
    <FilingType>X</FilingType>
    <StateDst>TX17</StateDst>
    <Year>2021</Year>
    <FilingDate>4/15/2021</FilingDate>
    <DocID>8217979</DocID>
  </Member>
  <Member>
    <Prefix>Hon.</Prefix>
    <Last>Foxx</Last>
    <First>Virginia</First>
    <Suffix />
    <FilingType>P</FilingType>
    <StateDst>NC05</StateDst>
    <Year>2021</Year>
    <FilingDate>1/8/2021</FilingDate>
    <DocID>20017967</DocID>
  </Member>
  <Member>
    <Prefix>Hon.</Prefix>
    <Last>Foxx</Last>
    <First>Virginia</First>
    <Suffix />
    <FilingType>P</FilingType>
    <StateDst>NC05</StateDst>
    <Year>2021</Year>
    <FilingDate>2/1/2021</FilingDate>
    <DocID>20018115</DocID>
  </Member>
  <Member>
    <Prefix>Hon.</Prefix>
    <Last>Foxx</Last>
    <First>Virginia</First>
    <Suffix />
    <FilingType>P</FilingType>
    <StateDst>NC05</StateDst>
    <Year>2021</Year>
    <FilingDate>3/3/2021</FilingDate>
    <DocID>20018306</DocID>
  </Member>
  <Member>
    <Prefix>Hon.</Prefix>
    <Last>Foxx</Last>
    <First>Virginia</First>
    <Suffix />
    <FilingType>P</FilingType>
    <StateDst>NC05</StateDst>
    <Year>2021</Year>
    <FilingDate>4/7/2021</FilingDate>
    <DocID>20018512</DocID>
  </Member>
  <Member>
    <Prefix>Hon.</Prefix>
    <Last>Frankel</Last>
    <First>Lois</First>
    <Suffix />
    <FilingType>P</FilingType>
    <StateDst>FL21</StateDst>
    <Year>2021</Year>
    <FilingDate>1/21/2021</FilingDate>
    <DocID>20018050</DocID>
  </Member>
  <Member>
    <Prefix>Hon.</Prefix>
    <Last>Frankel</Last>
    <First>Lois</First>
    <Suffix />
    <FilingType>P</FilingType>
    <StateDst>FL21</StateDst>
    <Year>2021</Year>
    <FilingDate>2/25/2021</FilingDate>
    <DocID>20018224</DocID>
  </Member>
  <Member>
    <Prefix>Hon.</Prefix>
    <Last>Frankel</Last>
    <First>Lois</First>
    <Suffix />
    <FilingType>P</FilingType>
    <StateDst>FL21</StateDst>
    <Year>2021</Year>
    <FilingDate>3/26/2021</FilingDate>
    <DocID>20018420</DocID>
  </Member>
  <Member>
    <Prefix>Hon.</Prefix>
    <Last>Frankel</Last>
    <First>Lois</First>
    <Suffix />
    <FilingType>P</FilingType>
    <StateDst>FL21</StateDst>
    <Year>2021</Year>
    <FilingDate>4/23/2021</FilingDate>
    <DocID>20018606</DocID>
  </Member>
  <Member>
    <Prefix>Mr.</Prefix>
    <Last>Franklin</Last>
    <First>Scott</First>
    <Suffix />
    <FilingType>P</FilingType>
    <StateDst>FL15</StateDst>
    <Year>2021</Year>
    <FilingDate>3/26/2021</FilingDate>
    <DocID>20018466</DocID>
  </Member>
  <Member>
    <Prefix>Hon.</Prefix>
    <Last>Fudge</Last>
    <First>Marcia L.</First>
    <Suffix />
    <FilingType>E</FilingType>
    <StateDst>OH11</StateDst>
    <Year>2021</Year>
    <FilingDate>3/30/2021</FilingDate>
    <DocID>8217913</DocID>
  </Member>
  <Member>
    <Prefix>Hon.</Prefix>
    <Last>Gabbard</Last>
    <First>Tulsi</First>
    <Suffix />
    <FilingType>X</FilingType>
    <StateDst>HI02</StateDst>
    <Year>2021</Year>
    <FilingDate>2/3/2021</FilingDate>
    <DocID>30011645</DocID>
  </Member>
  <Member>
    <Prefix>Hon.</Prefix>
    <Last>Gallagher</Last>
    <First>Michael John</First>
    <Suffix />
    <FilingType>P</FilingType>
    <StateDst>WI08</StateDst>
    <Year>2021</Year>
    <FilingDate>4/6/2021</FilingDate>
    <DocID>20018529</DocID>
  </Member>
  <Member>
    <Prefix>Hon.</Prefix>
    <Last>Gibbs</Last>
    <First>Bob</First>
    <Suffix />
    <FilingType>P</FilingType>
    <StateDst>OH07</StateDst>
    <Year>2021</Year>
    <FilingDate>2/18/2021</FilingDate>
    <DocID>20018238</DocID>
  </Member>
  <Member>
    <Prefix>Hon.</Prefix>
    <Last>Gibbs</Last>
    <First>Bob</First>
    <Suffix />
    <FilingType>P</FilingType>
    <StateDst>OH07</StateDst>
    <Year>2021</Year>
    <FilingDate>4/9/2021</FilingDate>
    <DocID>20018545</DocID>
  </Member>
  <Member>
    <Prefix />
    <Last>Goenaga-Torres</Last>
    <First>Santiago David</First>
    <Suffix />
    <FilingType>D</FilingType>
    <StateDst>CO05</StateDst>
    <Year>2021</Year>
    <FilingDate>3/26/2021</FilingDate>
    <DocID>8217916</DocID>
  </Member>
  <Member>
    <Prefix>Hon.</Prefix>
    <Last>Gonzalez</Last>
    <First>Anthony E.</First>
    <Suffix />
    <FilingType>P</FilingType>
    <StateDst>OH16</StateDst>
    <Year>2021</Year>
    <FilingDate>2/12/2021</FilingDate>
    <DocID>20018126</DocID>
  </Member>
  <Member>
    <Prefix>Hon.</Prefix>
    <Last>Gonzalez</Last>
    <First>Anthony E.</First>
    <Suffix />
    <FilingType>P</FilingType>
    <StateDst>OH16</StateDst>
    <Year>2021</Year>
    <FilingDate>4/2/2021</FilingDate>
    <DocID>20018383</DocID>
  </Member>
  <Member>
    <Prefix>Hon.</Prefix>
    <Last>Gonzalez</Last>
    <First>Anthony E.</First>
    <Suffix />
    <FilingType>P</FilingType>
    <StateDst>OH16</StateDst>
    <Year>2021</Year>
    <FilingDate>4/23/2021</FilingDate>
    <DocID>20018548</DocID>
  </Member>
  <Member>
    <Prefix>Hon.</Prefix>
    <Last>Gottheimer</Last>
    <First>Josh</First>
    <Suffix />
    <FilingType>P</FilingType>
    <StateDst>NJ05</StateDst>
    <Year>2021</Year>
    <FilingDate>1/7/2021</FilingDate>
    <DocID>20017973</DocID>
  </Member>
  <Member>
    <Prefix>Hon.</Prefix>
    <Last>Gottheimer</Last>
    <First>Josh</First>
    <Suffix />
    <FilingType>P</FilingType>
    <StateDst>NJ05</StateDst>
    <Year>2021</Year>
    <FilingDate>2/9/2021</FilingDate>
    <DocID>20018160</DocID>
  </Member>
  <Member>
    <Prefix>Hon.</Prefix>
    <Last>Gottheimer</Last>
    <First>Josh</First>
    <Suffix />
    <FilingType>P</FilingType>
    <StateDst>NJ05</StateDst>
    <Year>2021</Year>
    <FilingDate>3/10/2021</FilingDate>
    <DocID>20018333</DocID>
  </Member>
  <Member>
    <Prefix>Hon.</Prefix>
    <Last>Gottheimer</Last>
    <First>Josh</First>
    <Suffix />
    <FilingType>P</FilingType>
    <StateDst>NJ05</StateDst>
    <Year>2021</Year>
    <FilingDate>4/21/2021</FilingDate>
    <DocID>20018534</DocID>
  </Member>
  <Member>
    <Prefix>Hon.</Prefix>
    <Last>Graves</Last>
    <First>Garret</First>
    <Suffix />
    <FilingType>P</FilingType>
    <StateDst>LA06</StateDst>
    <Year>2021</Year>
    <FilingDate>1/28/2021</FilingDate>
    <DocID>20018091</DocID>
  </Member>
  <Member>
    <Prefix>Hon.</Prefix>
    <Last>Graves</Last>
    <First>Garret</First>
    <Suffix />
    <FilingType>P</FilingType>
    <StateDst>LA06</StateDst>
    <Year>2021</Year>
    <FilingDate>2/22/2021</FilingDate>
    <DocID>20018259</DocID>
  </Member>
  <Member>
    <Prefix>Hon.</Prefix>
    <Last>Graves</Last>
    <First>Garret</First>
    <Suffix />
    <FilingType>P</FilingType>
    <StateDst>LA06</StateDst>
    <Year>2021</Year>
    <FilingDate>4/15/2021</FilingDate>
    <DocID>20018587</DocID>
  </Member>
  <Member>
    <Prefix />
    <Last>Gray</Last>
    <First>Charles</First>
    <Suffix />
    <FilingType>X</FilingType>
    <StateDst>WY00</StateDst>
    <Year>2021</Year>
    <FilingDate>4/7/2021</FilingDate>
    <DocID>30011653</DocID>
  </Member>
  <Member>
    <Prefix>Hon.</Prefix>
    <Last>Green</Last>
    <First>Mark Dr</First>
    <Suffix />
    <FilingType>P</FilingType>
    <StateDst>TN07</StateDst>
    <Year>2021</Year>
    <FilingDate>1/11/2021</FilingDate>
    <DocID>20017867</DocID>
  </Member>
  <Member>
    <Prefix>Hon.</Prefix>
    <Last>Green</Last>
    <First>Mark Dr</First>
    <Suffix />
    <FilingType>P</FilingType>
    <StateDst>TN07</StateDst>
    <Year>2021</Year>
    <FilingDate>3/5/2021</FilingDate>
    <DocID>20018065</DocID>
  </Member>
  <Member>
    <Prefix>Hon.</Prefix>
    <Last>Green</Last>
    <First>Mark Dr</First>
    <Suffix />
    <FilingType>P</FilingType>
    <StateDst>TN07</StateDst>
    <Year>2021</Year>
    <FilingDate>3/20/2021</FilingDate>
    <DocID>20018359</DocID>
  </Member>
  <Member>
    <Prefix>Hon.</Prefix>
    <Last>Green</Last>
    <First>Mark Dr</First>
    <Suffix />
    <FilingType>P</FilingType>
    <StateDst>TN07</StateDst>
    <Year>2021</Year>
    <FilingDate>3/28/2021</FilingDate>
    <DocID>20018471</DocID>
  </Member>
  <Member>
    <Prefix>Hon.</Prefix>
    <Last>Green</Last>
    <First>Mark Dr</First>
    <Suffix />
    <FilingType>P</FilingType>
    <StateDst>TN07</StateDst>
    <Year>2021</Year>
    <FilingDate>4/15/2021</FilingDate>
    <DocID>20018526</DocID>
  </Member>
  <Member>
    <Prefix>Hon.</Prefix>
    <Last>Green</Last>
    <First>Mark Dr</First>
    <Suffix />
    <FilingType>P</FilingType>
    <StateDst>TN07</StateDst>
    <Year>2021</Year>
    <FilingDate>4/15/2021</FilingDate>
    <DocID>20018586</DocID>
  </Member>
  <Member>
    <Prefix>Hon.</Prefix>
    <Last>Green</Last>
    <First>Mark Dr</First>
    <Suffix />
    <FilingType>P</FilingType>
    <StateDst>TN07</StateDst>
    <Year>2021</Year>
    <FilingDate>4/28/2021</FilingDate>
    <DocID>20018602</DocID>
  </Member>
  <Member>
    <Prefix>Mrs.</Prefix>
    <Last>Greene</Last>
    <First>Marjorie Taylor</First>
    <Suffix />
    <FilingType>P</FilingType>
    <StateDst>GA14</StateDst>
    <Year>2021</Year>
    <FilingDate>2/19/2021</FilingDate>
    <DocID>20018243</DocID>
  </Member>
  <Member>
    <Prefix>Hon.</Prefix>
    <Last>Hall</Last>
    <First>Kwanza</First>
    <Suffix />
    <FilingType>T</FilingType>
    <StateDst>GA05</StateDst>
    <Year>2021</Year>
    <FilingDate>2/1/2021</FilingDate>
    <DocID>10039492</DocID>
  </Member>
  <Member>
    <Prefix>Hon.</Prefix>
    <Last>Hall</Last>
    <First>Kwanza</First>
    <Suffix />
    <FilingType>X</FilingType>
    <StateDst>GA05</StateDst>
    <Year>2021</Year>
    <FilingDate>2/1/2021</FilingDate>
    <DocID>30011640</DocID>
  </Member>
  <Member>
    <Prefix />
    <Last>Harrison</Last>
    <First>Brian E.</First>
    <Suffix />
    <FilingType>C</FilingType>
    <StateDst>TX06</StateDst>
    <Year>2021</Year>
    <FilingDate>4/1/2021</FilingDate>
    <DocID>10039665</DocID>
  </Member>
  <Member>
    <Prefix>Hon.</Prefix>
    <Last>Heck</Last>
    <First>Denny</First>
    <Suffix />
    <FilingType>T</FilingType>
    <StateDst>WA10</StateDst>
    <Year>2021</Year>
    <FilingDate>1/28/2021</FilingDate>
    <DocID>10039420</DocID>
  </Member>
  <Member>
    <Prefix>Hon.</Prefix>
    <Last>Hern</Last>
    <First>Kevin</First>
    <Suffix />
    <FilingType>P</FilingType>
    <StateDst>OK01</StateDst>
    <Year>2021</Year>
    <FilingDate>1/15/2021</FilingDate>
    <DocID>20018029</DocID>
  </Member>
  <Member>
    <Prefix>Hon.</Prefix>
    <Last>Hern</Last>
    <First>Kevin</First>
    <Suffix />
    <FilingType>P</FilingType>
    <StateDst>OK01</StateDst>
    <Year>2021</Year>
    <FilingDate>2/17/2021</FilingDate>
    <DocID>20018232</DocID>
  </Member>
  <Member>
    <Prefix>Hon.</Prefix>
    <Last>Hern</Last>
    <First>Kevin</First>
    <Suffix />
    <FilingType>P</FilingType>
    <StateDst>OK01</StateDst>
    <Year>2021</Year>
    <FilingDate>3/15/2021</FilingDate>
    <DocID>20018400</DocID>
  </Member>
  <Member>
    <Prefix>Hon.</Prefix>
    <Last>Hern</Last>
    <First>Kevin</First>
    <Suffix />
    <FilingType>P</FilingType>
    <StateDst>OK01</StateDst>
    <Year>2021</Year>
    <FilingDate>4/9/2021</FilingDate>
    <DocID>20018550</DocID>
  </Member>
  <Member>
    <Prefix>Hon.</Prefix>
    <Last>Hill</Last>
    <First>James French</First>
    <Suffix />
    <FilingType>P</FilingType>
    <StateDst>AR02</StateDst>
    <Year>2021</Year>
    <FilingDate>4/27/2021</FilingDate>
    <DocID>20018570</DocID>
  </Member>
  <Member>
    <Prefix />
    <Last>Hinson Arenholz</Last>
    <First>Ashley</First>
    <Suffix />
    <FilingType>P</FilingType>
    <StateDst>IA01</StateDst>
    <Year>2021</Year>
    <FilingDate>4/5/2021</FilingDate>
    <DocID>20018521</DocID>
  </Member>
  <Member>
    <Prefix>Hon.</Prefix>
    <Last>Hollingsworth</Last>
    <First>Trey</First>
    <Suffix />
    <FilingType>P</FilingType>
    <StateDst>IN09</StateDst>
    <Year>2021</Year>
    <FilingDate>2/4/2021</FilingDate>
    <DocID>8217840</DocID>
  </Member>
  <Member>
    <Prefix>Hon.</Prefix>
    <Last>Hollingsworth</Last>
    <First>Trey</First>
    <Suffix />
    <FilingType>P</FilingType>
    <StateDst>IN09</StateDst>
    <Year>2021</Year>
    <FilingDate>3/17/2021</FilingDate>
    <DocID>8217902</DocID>
  </Member>
  <Member>
    <Prefix>Hon.</Prefix>
    <Last>Hollingsworth</Last>
    <First>Trey</First>
    <Suffix />
    <FilingType>P</FilingType>
    <StateDst>IN09</StateDst>
    <Year>2021</Year>
    <FilingDate>4/14/2021</FilingDate>
    <DocID>8217934</DocID>
  </Member>
  <Member>
    <Prefix />
    <Last>Holloway</Last>
    <First>Tammy Allison</First>
    <Suffix />
    <FilingType>C</FilingType>
    <StateDst>TX06</StateDst>
    <Year>2021</Year>
    <FilingDate>4/1/2021</FilingDate>
    <DocID>10039704</DocID>
  </Member>
  <Member>
    <Prefix>Hon.</Prefix>
    <Last>Horn</Last>
    <First>Kendra</First>
    <Suffix />
    <FilingType>T</FilingType>
    <StateDst>OK05</StateDst>
    <Year>2021</Year>
    <FilingDate>2/1/2021</FilingDate>
    <DocID>10039475</DocID>
  </Member>
  <Member>
    <Prefix />
    <Last>Hudson</Last>
    <First>Jesse Graham</First>
    <Suffix />
    <FilingType>D</FilingType>
    <StateDst>MS04</StateDst>
    <Year>2021</Year>
    <FilingDate>3/25/2021</FilingDate>
    <DocID>8217917</DocID>
  </Member>
  <Member>
    <Prefix>Hon.</Prefix>
    <Last>Huizenga</Last>
    <First>Bill</First>
    <Suffix />
    <FilingType>P</FilingType>
    <StateDst>MI02</StateDst>
    <Year>2021</Year>
    <FilingDate>3/19/2021</FilingDate>
    <DocID>8217905</DocID>
  </Member>
  <Member>
    <Prefix>Hon.</Prefix>
    <Last>Hurd</Last>
    <First>William</First>
    <Suffix />
    <FilingType>T</FilingType>
    <StateDst>TX23</StateDst>
    <Year>2021</Year>
    <FilingDate>2/9/2021</FilingDate>
    <DocID>10039524</DocID>
  </Member>
  <Member>
    <Prefix>Hon.</Prefix>
    <Last>Jacobs</Last>
    <First>Christopher L.</First>
    <Suffix />
    <FilingType>P</FilingType>
    <StateDst>NY27</StateDst>
    <Year>2021</Year>
    <FilingDate>2/10/2021</FilingDate>
    <DocID>20018037</DocID>
  </Member>
  <Member>
    <Prefix>Hon.</Prefix>
    <Last>Jacobs</Last>
    <First>Christopher L.</First>
    <Suffix />
    <FilingType>P</FilingType>
    <StateDst>NY27</StateDst>
    <Year>2021</Year>
    <FilingDate>2/17/2021</FilingDate>
    <DocID>20018205</DocID>
  </Member>
  <Member>
    <Prefix />
    <Last>Jacobs</Last>
    <First>Sara</First>
    <Suffix />
    <FilingType>P</FilingType>
    <StateDst>CA53</StateDst>
    <Year>2021</Year>
    <FilingDate>3/12/2021</FilingDate>
    <DocID>20018354</DocID>
  </Member>
  <Member>
    <Prefix />
    <Last>Jedeikin</Last>
    <First>Mathew Ray</First>
    <Suffix />
    <FilingType>D</FilingType>
    <StateDst>CA06</StateDst>
    <Year>2021</Year>
    <FilingDate>4/21/2021</FilingDate>
    <DocID>8217987</DocID>
  </Member>
  <Member>
    <Prefix>Hon.</Prefix>
    <Last>Jeffries</Last>
    <First>Hakeem S.</First>
    <Suffix />
    <FilingType>P</FilingType>
    <StateDst>NY08</StateDst>
    <Year>2021</Year>
    <FilingDate>4/10/2021</FilingDate>
    <DocID>20018554</DocID>
  </Member>
  <Member>
    <Prefix>Hon.</Prefix>
    <Last>Jeffries</Last>
    <First>Hakeem S.</First>
    <Suffix />
    <FilingType>P</FilingType>
    <StateDst>NY08</StateDst>
    <Year>2021</Year>
    <FilingDate>4/10/2021</FilingDate>
    <DocID>20018555</DocID>
  </Member>
  <Member>
    <Prefix>Hon.</Prefix>
    <Last>Jeffries</Last>
    <First>Hakeem S.</First>
    <Suffix />
    <FilingType>P</FilingType>
    <StateDst>NY08</StateDst>
    <Year>2021</Year>
    <FilingDate>4/16/2021</FilingDate>
    <DocID>20018596</DocID>
  </Member>
  <Member>
    <Prefix>Hon.</Prefix>
    <Last>Jeffries</Last>
    <First>Hakeem S.</First>
    <Suffix />
    <FilingType>P</FilingType>
    <StateDst>NY08</StateDst>
    <Year>2021</Year>
    <FilingDate>4/25/2021</FilingDate>
    <DocID>20018630</DocID>
  </Member>
  <Member>
    <Prefix>Mr.</Prefix>
    <Last>Johnson</Last>
    <First>Alden Patrick</First>
    <Suffix />
    <FilingType>D</FilingType>
    <StateDst>MS04</StateDst>
    <Year>2021</Year>
    <FilingDate>4/9/2021</FilingDate>
    <DocID>8217940</DocID>
  </Member>
  <Member>
    <Prefix>Hon.</Prefix>
    <Last>Keating</Last>
    <First>William R.</First>
    <Suffix />
    <FilingType>P</FilingType>
    <StateDst>MA09</StateDst>
    <Year>2021</Year>
    <FilingDate>4/27/2021</FilingDate>
    <DocID>20018465</DocID>
  </Member>
  <Member>
    <Prefix>Mr.</Prefix>
    <Last>Keller</Last>
    <First>Bryan Eugene</First>
    <Suffix />
    <FilingType>C</FilingType>
    <StateDst>WY00</StateDst>
    <Year>2021</Year>
    <FilingDate>3/1/2021</FilingDate>
    <DocID>10039567</DocID>
  </Member>
  <Member>
    <Prefix>Hon.</Prefix>
    <Last>Kelly</Last>
    <First>Mike</First>
    <Suffix />
    <FilingType>P</FilingType>
    <StateDst>PA16</StateDst>
    <Year>2021</Year>
    <FilingDate>1/25/2021</FilingDate>
    <DocID>8217820</DocID>
  </Member>
  <Member>
    <Prefix>Hon.</Prefix>
    <Last>Kelly</Last>
    <First>Mike</First>
    <Suffix />
    <FilingType>P</FilingType>
    <StateDst>PA16</StateDst>
    <Year>2021</Year>
    <FilingDate>2/23/2021</FilingDate>
    <DocID>8217868</DocID>
  </Member>
  <Member>
    <Prefix>Hon.</Prefix>
    <Last>Kelly</Last>
    <First>Mike</First>
    <Suffix />
    <FilingType>P</FilingType>
    <StateDst>PA16</StateDst>
    <Year>2021</Year>
    <FilingDate>4/15/2021</FilingDate>
    <DocID>8217939</DocID>
  </Member>
  <Member>
    <Prefix>Hon.</Prefix>
    <Last>Kennedy</Last>
    <First>Joseph P.</First>
    <Suffix>III</Suffix>
    <FilingType>X</FilingType>
    <StateDst>MA04</StateDst>
    <Year>2021</Year>
    <FilingDate>4/15/2021</FilingDate>
    <DocID>8217980</DocID>
  </Member>
  <Member>
    <Prefix>Hon.</Prefix>
    <Last>Khanna</Last>
    <First>Rohit</First>
    <Suffix />
    <FilingType>P</FilingType>
    <StateDst>CA17</StateDst>
    <Year>2021</Year>
    <FilingDate>2/16/2021</FilingDate>
    <DocID>8217856</DocID>
  </Member>
  <Member>
    <Prefix>Hon.</Prefix>
    <Last>Khanna</Last>
    <First>Rohit</First>
    <Suffix />
    <FilingType>P</FilingType>
    <StateDst>CA17</StateDst>
    <Year>2021</Year>
    <FilingDate>3/12/2021</FilingDate>
    <DocID>8217894</DocID>
  </Member>
  <Member>
    <Prefix>Hon.</Prefix>
    <Last>Khanna</Last>
    <First>Rohit</First>
    <Suffix />
    <FilingType>P</FilingType>
    <StateDst>CA17</StateDst>
    <Year>2021</Year>
    <FilingDate>4/16/2021</FilingDate>
    <DocID>8217938</DocID>
  </Member>
  <Member>
    <Prefix>Hon.</Prefix>
    <Last>King</Last>
    <First>Peter T.</First>
    <Suffix />
    <FilingType>T</FilingType>
    <StateDst>NY02</StateDst>
    <Year>2021</Year>
    <FilingDate>2/4/2021</FilingDate>
    <DocID>8217837</DocID>
  </Member>
  <Member>
    <Prefix>Hon.</Prefix>
    <Last>King</Last>
    <First>Steve</First>
    <Suffix />
    <FilingType>T</FilingType>
    <StateDst>IA04</StateDst>
    <Year>2021</Year>
    <FilingDate>2/3/2021</FilingDate>
    <DocID>10039510</DocID>
  </Member>
  <Member>
    <Prefix>Hon.</Prefix>
    <Last>King</Last>
    <First>Steve</First>
    <Suffix />
    <FilingType>X</FilingType>
    <StateDst>IA04</StateDst>
    <Year>2021</Year>
    <FilingDate>2/3/2021</FilingDate>
    <DocID>30011644</DocID>
  </Member>
  <Member>
    <Prefix />
    <Last>Koprowski</Last>
    <First>Gene</First>
    <Suffix />
    <FilingType>W</FilingType>
    <StateDst>IL16</StateDst>
    <Year>2021</Year>
    <FilingDate>2/16/2021</FilingDate>
    <DocID>7807</DocID>
  </Member>
  <Member>
    <Prefix />
    <Last>Kumar</Last>
    <First>Neil</First>
    <Suffix />
    <FilingType>C</FilingType>
    <StateDst>AR03</StateDst>
    <Year>2021</Year>
    <FilingDate>4/29/2021</FilingDate>
    <DocID>10040085</DocID>
  </Member>
  <Member>
    <Prefix>Hon.</Prefix>
    <Last>Kustoff</Last>
    <First>David</First>
    <Suffix />
    <FilingType>P</FilingType>
    <StateDst>TN08</StateDst>
    <Year>2021</Year>
    <FilingDate>2/26/2021</FilingDate>
    <DocID>8217876</DocID>
  </Member>
  <Member>
    <Prefix>Hon.</Prefix>
    <Last>Lamborn</Last>
    <First>Doug</First>
    <Suffix />
    <FilingType>P</FilingType>
    <StateDst>CO05</StateDst>
    <Year>2021</Year>
    <FilingDate>2/8/2021</FilingDate>
    <DocID>8217846</DocID>
  </Member>
  <Member>
    <Prefix>Hon.</Prefix>
    <Last>Lamborn</Last>
    <First>Doug</First>
    <Suffix />
    <FilingType>P</FilingType>
    <StateDst>CO05</StateDst>
    <Year>2021</Year>
    <FilingDate>3/19/2021</FilingDate>
    <DocID>8217906</DocID>
  </Member>
  <Member>
    <Prefix>Hon.</Prefix>
    <Last>Langevin</Last>
    <First>James R.</First>
    <Suffix />
    <FilingType>P</FilingType>
    <StateDst>RI02</StateDst>
    <Year>2021</Year>
    <FilingDate>1/8/2021</FilingDate>
    <DocID>20017921</DocID>
  </Member>
  <Member>
    <Prefix>Hon.</Prefix>
    <Last>Langevin</Last>
    <First>James R.</First>
    <Suffix />
    <FilingType>P</FilingType>
    <StateDst>RI02</StateDst>
    <Year>2021</Year>
    <FilingDate>2/17/2021</FilingDate>
    <DocID>20018127</DocID>
  </Member>
  <Member>
    <Prefix>Hon.</Prefix>
    <Last>Langevin</Last>
    <First>James R.</First>
    <Suffix />
    <FilingType>P</FilingType>
    <StateDst>RI02</StateDst>
    <Year>2021</Year>
    <FilingDate>3/10/2021</FilingDate>
    <DocID>20018308</DocID>
  </Member>
  <Member>
    <Prefix>Hon.</Prefix>
    <Last>Langevin</Last>
    <First>James R.</First>
    <Suffix />
    <FilingType>P</FilingType>
    <StateDst>RI02</StateDst>
    <Year>2021</Year>
    <FilingDate>4/9/2021</FilingDate>
    <DocID>20018522</DocID>
  </Member>
  <Member>
    <Prefix />
    <Last>Lassiter</Last>
    <First>Shawn</First>
    <Suffix />
    <FilingType>C</FilingType>
    <StateDst>TX06</StateDst>
    <Year>2021</Year>
    <FilingDate>4/1/2021</FilingDate>
    <DocID>10039699</DocID>
  </Member>
  <Member>
    <Prefix>Hon.</Prefix>
    <Last>Lee</Last>
    <First>Susie</First>
    <Suffix />
    <FilingType>P</FilingType>
    <StateDst>NV03</StateDst>
    <Year>2021</Year>
    <FilingDate>1/11/2021</FilingDate>
    <DocID>20017980</DocID>
  </Member>
  <Member>
    <Prefix>Hon.</Prefix>
    <Last>Lee</Last>
    <First>Susie</First>
    <Suffix />
    <FilingType>P</FilingType>
    <StateDst>NV03</StateDst>
    <Year>2021</Year>
    <FilingDate>2/10/2021</FilingDate>
    <DocID>20018168</DocID>
  </Member>
  <Member>
    <Prefix>Hon.</Prefix>
    <Last>Lee</Last>
    <First>Susie</First>
    <Suffix />
    <FilingType>P</FilingType>
    <StateDst>NV03</StateDst>
    <Year>2021</Year>
    <FilingDate>3/11/2021</FilingDate>
    <DocID>20018329</DocID>
  </Member>
  <Member>
    <Prefix>Hon.</Prefix>
    <Last>Lipinski</Last>
    <First>Daniel</First>
    <Suffix />
    <FilingType>T</FilingType>
    <StateDst>IL03</StateDst>
    <Year>2021</Year>
    <FilingDate>2/3/2021</FilingDate>
    <DocID>10039494</DocID>
  </Member>
  <Member>
    <Prefix>Hon.</Prefix>
    <Last>Loebsack</Last>
    <First>David</First>
    <Suffix />
    <FilingType>T</FilingType>
    <StateDst>IA02</StateDst>
    <Year>2021</Year>
    <FilingDate>1/28/2021</FilingDate>
    <DocID>8217830</DocID>
  </Member>
  <Member>
    <Prefix>Hon.</Prefix>
    <Last>Lowenthal</Last>
    <First>Alan S.</First>
    <Suffix />
    <FilingType>P</FilingType>
    <StateDst>CA47</StateDst>
    <Year>2021</Year>
    <FilingDate>1/9/2021</FilingDate>
    <DocID>20017999</DocID>
  </Member>
  <Member>
    <Prefix>Hon.</Prefix>
    <Last>Lowenthal</Last>
    <First>Alan S.</First>
    <Suffix />
    <FilingType>P</FilingType>
    <StateDst>CA47</StateDst>
    <Year>2021</Year>
    <FilingDate>1/9/2021</FilingDate>
    <DocID>20018000</DocID>
  </Member>
  <Member>
    <Prefix>Hon.</Prefix>
    <Last>Lowenthal</Last>
    <First>Alan S.</First>
    <Suffix />
    <FilingType>P</FilingType>
    <StateDst>CA47</StateDst>
    <Year>2021</Year>
    <FilingDate>1/9/2021</FilingDate>
    <DocID>20018001</DocID>
  </Member>
  <Member>
    <Prefix>Hon.</Prefix>
    <Last>Lowenthal</Last>
    <First>Alan S.</First>
    <Suffix />
    <FilingType>P</FilingType>
    <StateDst>CA47</StateDst>
    <Year>2021</Year>
    <FilingDate>1/26/2021</FilingDate>
    <DocID>20018081</DocID>
  </Member>
  <Member>
    <Prefix>Hon.</Prefix>
    <Last>Lowenthal</Last>
    <First>Alan S.</First>
    <Suffix />
    <FilingType>P</FilingType>
    <StateDst>CA47</StateDst>
    <Year>2021</Year>
    <FilingDate>1/26/2021</FilingDate>
    <DocID>20018082</DocID>
  </Member>
  <Member>
    <Prefix>Hon.</Prefix>
    <Last>Lowenthal</Last>
    <First>Alan S.</First>
    <Suffix />
    <FilingType>P</FilingType>
    <StateDst>CA47</StateDst>
    <Year>2021</Year>
    <FilingDate>1/26/2021</FilingDate>
    <DocID>20018083</DocID>
  </Member>
  <Member>
    <Prefix>Hon.</Prefix>
    <Last>Lowenthal</Last>
    <First>Alan S.</First>
    <Suffix />
    <FilingType>P</FilingType>
    <StateDst>CA47</StateDst>
    <Year>2021</Year>
    <FilingDate>2/2/2021</FilingDate>
    <DocID>20018129</DocID>
  </Member>
  <Member>
    <Prefix>Hon.</Prefix>
    <Last>Lowenthal</Last>
    <First>Alan S.</First>
    <Suffix />
    <FilingType>P</FilingType>
    <StateDst>CA47</StateDst>
    <Year>2021</Year>
    <FilingDate>2/2/2021</FilingDate>
    <DocID>20018130</DocID>
  </Member>
  <Member>
    <Prefix>Hon.</Prefix>
    <Last>Lowenthal</Last>
    <First>Alan S.</First>
    <Suffix />
    <FilingType>P</FilingType>
    <StateDst>CA47</StateDst>
    <Year>2021</Year>
    <FilingDate>2/2/2021</FilingDate>
    <DocID>20018131</DocID>
  </Member>
  <Member>
    <Prefix>Hon.</Prefix>
    <Last>Lowenthal</Last>
    <First>Alan S.</First>
    <Suffix />
    <FilingType>P</FilingType>
    <StateDst>CA47</StateDst>
    <Year>2021</Year>
    <FilingDate>2/2/2021</FilingDate>
    <DocID>20018132</DocID>
  </Member>
  <Member>
    <Prefix>Hon.</Prefix>
    <Last>Lowenthal</Last>
    <First>Alan S.</First>
    <Suffix />
    <FilingType>P</FilingType>
    <StateDst>CA47</StateDst>
    <Year>2021</Year>
    <FilingDate>2/5/2021</FilingDate>
    <DocID>20018153</DocID>
  </Member>
  <Member>
    <Prefix>Hon.</Prefix>
    <Last>Lowenthal</Last>
    <First>Alan S.</First>
    <Suffix />
    <FilingType>P</FilingType>
    <StateDst>CA47</StateDst>
    <Year>2021</Year>
    <FilingDate>2/5/2021</FilingDate>
    <DocID>20018154</DocID>
  </Member>
  <Member>
    <Prefix>Hon.</Prefix>
    <Last>Lowenthal</Last>
    <First>Alan S.</First>
    <Suffix />
    <FilingType>P</FilingType>
    <StateDst>CA47</StateDst>
    <Year>2021</Year>
    <FilingDate>2/5/2021</FilingDate>
    <DocID>20018155</DocID>
  </Member>
  <Member>
    <Prefix>Hon.</Prefix>
    <Last>Lowenthal</Last>
    <First>Alan S.</First>
    <Suffix />
    <FilingType>P</FilingType>
    <StateDst>CA47</StateDst>
    <Year>2021</Year>
    <FilingDate>2/10/2021</FilingDate>
    <DocID>20018185</DocID>
  </Member>
  <Member>
    <Prefix>Hon.</Prefix>
    <Last>Lowenthal</Last>
    <First>Alan S.</First>
    <Suffix />
    <FilingType>P</FilingType>
    <StateDst>CA47</StateDst>
    <Year>2021</Year>
    <FilingDate>2/10/2021</FilingDate>
    <DocID>20018186</DocID>
  </Member>
  <Member>
    <Prefix>Hon.</Prefix>
    <Last>Lowenthal</Last>
    <First>Alan S.</First>
    <Suffix />
    <FilingType>P</FilingType>
    <StateDst>CA47</StateDst>
    <Year>2021</Year>
    <FilingDate>2/10/2021</FilingDate>
    <DocID>20018187</DocID>
  </Member>
  <Member>
    <Prefix>Hon.</Prefix>
    <Last>Lowenthal</Last>
    <First>Alan S.</First>
    <Suffix />
    <FilingType>P</FilingType>
    <StateDst>CA47</StateDst>
    <Year>2021</Year>
    <FilingDate>2/21/2021</FilingDate>
    <DocID>20018256</DocID>
  </Member>
  <Member>
    <Prefix>Hon.</Prefix>
    <Last>Lowenthal</Last>
    <First>Alan S.</First>
    <Suffix />
    <FilingType>P</FilingType>
    <StateDst>CA47</StateDst>
    <Year>2021</Year>
    <FilingDate>3/5/2021</FilingDate>
    <DocID>20018334</DocID>
  </Member>
  <Member>
    <Prefix>Hon.</Prefix>
    <Last>Lowenthal</Last>
    <First>Alan S.</First>
    <Suffix />
    <FilingType>P</FilingType>
    <StateDst>CA47</StateDst>
    <Year>2021</Year>
    <FilingDate>3/5/2021</FilingDate>
    <DocID>20018335</DocID>
  </Member>
  <Member>
    <Prefix>Hon.</Prefix>
    <Last>Lowenthal</Last>
    <First>Alan S.</First>
    <Suffix />
    <FilingType>P</FilingType>
    <StateDst>CA47</StateDst>
    <Year>2021</Year>
    <FilingDate>3/5/2021</FilingDate>
    <DocID>20018336</DocID>
  </Member>
  <Member>
    <Prefix>Hon.</Prefix>
    <Last>Lowenthal</Last>
    <First>Alan S.</First>
    <Suffix />
    <FilingType>P</FilingType>
    <StateDst>CA47</StateDst>
    <Year>2021</Year>
    <FilingDate>3/17/2021</FilingDate>
    <DocID>20018413</DocID>
  </Member>
  <Member>
    <Prefix>Hon.</Prefix>
    <Last>Lowenthal</Last>
    <First>Alan S.</First>
    <Suffix />
    <FilingType>P</FilingType>
    <StateDst>CA47</StateDst>
    <Year>2021</Year>
    <FilingDate>3/17/2021</FilingDate>
    <DocID>20018414</DocID>
  </Member>
  <Member>
    <Prefix>Hon.</Prefix>
    <Last>Lowenthal</Last>
    <First>Alan S.</First>
    <Suffix />
    <FilingType>P</FilingType>
    <StateDst>CA47</StateDst>
    <Year>2021</Year>
    <FilingDate>3/23/2021</FilingDate>
    <DocID>20018447</DocID>
  </Member>
  <Member>
    <Prefix>Hon.</Prefix>
    <Last>Lowenthal</Last>
    <First>Alan S.</First>
    <Suffix />
    <FilingType>P</FilingType>
    <StateDst>CA47</StateDst>
    <Year>2021</Year>
    <FilingDate>3/23/2021</FilingDate>
    <DocID>20018448</DocID>
  </Member>
  <Member>
    <Prefix>Hon.</Prefix>
    <Last>Lowenthal</Last>
    <First>Alan S.</First>
    <Suffix />
    <FilingType>P</FilingType>
    <StateDst>CA47</StateDst>
    <Year>2021</Year>
    <FilingDate>3/23/2021</FilingDate>
    <DocID>20018449</DocID>
  </Member>
  <Member>
    <Prefix>Hon.</Prefix>
    <Last>Lowenthal</Last>
    <First>Alan S.</First>
    <Suffix />
    <FilingType>P</FilingType>
    <StateDst>CA47</StateDst>
    <Year>2021</Year>
    <FilingDate>3/23/2021</FilingDate>
    <DocID>20018450</DocID>
  </Member>
  <Member>
    <Prefix>Hon.</Prefix>
    <Last>Lowenthal</Last>
    <First>Alan S.</First>
    <Suffix />
    <FilingType>P</FilingType>
    <StateDst>CA47</StateDst>
    <Year>2021</Year>
    <FilingDate>3/23/2021</FilingDate>
    <DocID>20018451</DocID>
  </Member>
  <Member>
    <Prefix>Hon.</Prefix>
    <Last>Lowenthal</Last>
    <First>Alan S.</First>
    <Suffix />
    <FilingType>P</FilingType>
    <StateDst>CA47</StateDst>
    <Year>2021</Year>
    <FilingDate>3/23/2021</FilingDate>
    <DocID>20018452</DocID>
  </Member>
  <Member>
    <Prefix>Hon.</Prefix>
    <Last>Lowenthal</Last>
    <First>Alan S.</First>
    <Suffix />
    <FilingType>P</FilingType>
    <StateDst>CA47</StateDst>
    <Year>2021</Year>
    <FilingDate>3/23/2021</FilingDate>
    <DocID>20018453</DocID>
  </Member>
  <Member>
    <Prefix>Hon.</Prefix>
    <Last>Lowenthal</Last>
    <First>Alan S.</First>
    <Suffix />
    <FilingType>P</FilingType>
    <StateDst>CA47</StateDst>
    <Year>2021</Year>
    <FilingDate>3/28/2021</FilingDate>
    <DocID>20018473</DocID>
  </Member>
  <Member>
    <Prefix>Hon.</Prefix>
    <Last>Lowenthal</Last>
    <First>Alan S.</First>
    <Suffix />
    <FilingType>P</FilingType>
    <StateDst>CA47</StateDst>
    <Year>2021</Year>
    <FilingDate>3/28/2021</FilingDate>
    <DocID>20018474</DocID>
  </Member>
  <Member>
    <Prefix>Hon.</Prefix>
    <Last>Lowenthal</Last>
    <First>Alan S.</First>
    <Suffix />
    <FilingType>P</FilingType>
    <StateDst>CA47</StateDst>
    <Year>2021</Year>
    <FilingDate>3/28/2021</FilingDate>
    <DocID>20018475</DocID>
  </Member>
  <Member>
    <Prefix>Hon.</Prefix>
    <Last>Lowenthal</Last>
    <First>Alan S.</First>
    <Suffix />
    <FilingType>P</FilingType>
    <StateDst>CA47</StateDst>
    <Year>2021</Year>
    <FilingDate>4/4/2021</FilingDate>
    <DocID>20018513</DocID>
  </Member>
  <Member>
    <Prefix>Hon.</Prefix>
    <Last>Lowenthal</Last>
    <First>Alan S.</First>
    <Suffix />
    <FilingType>P</FilingType>
    <StateDst>CA47</StateDst>
    <Year>2021</Year>
    <FilingDate>4/4/2021</FilingDate>
    <DocID>20018514</DocID>
  </Member>
  <Member>
    <Prefix>Hon.</Prefix>
    <Last>Lowenthal</Last>
    <First>Alan S.</First>
    <Suffix />
    <FilingType>P</FilingType>
    <StateDst>CA47</StateDst>
    <Year>2021</Year>
    <FilingDate>4/15/2021</FilingDate>
    <DocID>20018593</DocID>
  </Member>
  <Member>
    <Prefix>Hon.</Prefix>
    <Last>Lowey</Last>
    <First>Nita M.</First>
    <Suffix />
    <FilingType>T</FilingType>
    <StateDst>NY17</StateDst>
    <Year>2021</Year>
    <FilingDate>1/29/2021</FilingDate>
    <DocID>10039444</DocID>
  </Member>
  <Member>
    <Prefix>Hon.</Prefix>
    <Last>Luján</Last>
    <First>Ben Ray</First>
    <Suffix />
    <FilingType>E</FilingType>
    <StateDst>NM03</StateDst>
    <Year>2021</Year>
    <FilingDate>1/29/2021</FilingDate>
    <DocID>8217833</DocID>
  </Member>
  <Member>
    <Prefix>Hon.</Prefix>
    <Last>Luria</Last>
    <First>Elaine</First>
    <Suffix />
    <FilingType>P</FilingType>
    <StateDst>VA02</StateDst>
    <Year>2021</Year>
    <FilingDate>4/13/2021</FilingDate>
    <DocID>20018569</DocID>
  </Member>
  <Member>
    <Prefix>Hon.</Prefix>
    <Last>Malinowski</Last>
    <First>Tom</First>
    <Suffix />
    <FilingType>P</FilingType>
    <StateDst>NJ07</StateDst>
    <Year>2021</Year>
    <FilingDate>3/5/2021</FilingDate>
    <DocID>20011417</DocID>
  </Member>
  <Member>
    <Prefix>Hon.</Prefix>
    <Last>Malinowski</Last>
    <First>Tom</First>
    <Suffix />
    <FilingType>P</FilingType>
    <StateDst>NJ07</StateDst>
    <Year>2021</Year>
    <FilingDate>3/6/2021</FilingDate>
    <DocID>20018344</DocID>
  </Member>
  <Member>
    <Prefix>Hon.</Prefix>
    <Last>Malinowski</Last>
    <First>Tom</First>
    <Suffix />
    <FilingType>P</FilingType>
    <StateDst>NJ07</StateDst>
    <Year>2021</Year>
    <FilingDate>4/10/2021</FilingDate>
    <DocID>20018553</DocID>
  </Member>
  <Member>
    <Prefix>Hon.</Prefix>
    <Last>Maloney</Last>
    <First>Sean Patrick</First>
    <Suffix />
    <FilingType>P</FilingType>
    <StateDst>NY18</StateDst>
    <Year>2021</Year>
    <FilingDate>4/2/2021</FilingDate>
    <DocID>20018502</DocID>
  </Member>
  <Member>
    <Prefix />
    <Last>Manning</Last>
    <First>Kathy</First>
    <Suffix />
    <FilingType>P</FilingType>
    <StateDst>NC06</StateDst>
    <Year>2021</Year>
    <FilingDate>2/4/2021</FilingDate>
    <DocID>20018138</DocID>
  </Member>
  <Member>
    <Prefix />
    <Last>Manning</Last>
    <First>Kathy</First>
    <Suffix />
    <FilingType>P</FilingType>
    <StateDst>NC06</StateDst>
    <Year>2021</Year>
    <FilingDate>3/4/2021</FilingDate>
    <DocID>20018325</DocID>
  </Member>
  <Member>
    <Prefix>Hon.</Prefix>
    <Last>Marchant</Last>
    <First>Kenny</First>
    <Suffix />
    <FilingType>T</FilingType>
    <StateDst>TX24</StateDst>
    <Year>2021</Year>
    <FilingDate>4/19/2021</FilingDate>
    <DocID>8217992</DocID>
  </Member>
  <Member>
    <Prefix>Hon.</Prefix>
    <Last>Marchant</Last>
    <First>Kenny</First>
    <Suffix />
    <FilingType>X</FilingType>
    <StateDst>TX24</StateDst>
    <Year>2021</Year>
    <FilingDate>11/2/2020</FilingDate>
    <DocID>8217795</DocID>
  </Member>
  <Member>
    <Prefix>Hon.</Prefix>
    <Last>Marshall</Last>
    <First>Roger W.</First>
    <Suffix />
    <FilingType>E</FilingType>
    <StateDst>KS01</StateDst>
    <Year>2021</Year>
    <FilingDate>2/19/2021</FilingDate>
    <DocID>8217881</DocID>
  </Member>
  <Member>
    <Prefix>Hon.</Prefix>
    <Last>Mast</Last>
    <First>Brian</First>
    <Suffix />
    <FilingType>P</FilingType>
    <StateDst>FL18</StateDst>
    <Year>2021</Year>
    <FilingDate>2/1/2021</FilingDate>
    <DocID>20018108</DocID>
  </Member>
  <Member>
    <Prefix>Hon.</Prefix>
    <Last>Mast</Last>
    <First>Brian</First>
    <Suffix />
    <FilingType>P</FilingType>
    <StateDst>FL18</StateDst>
    <Year>2021</Year>
    <FilingDate>3/17/2021</FilingDate>
    <DocID>20018412</DocID>
  </Member>
  <Member>
    <Prefix>Hon.</Prefix>
    <Last>Mast</Last>
    <First>Brian</First>
    <Suffix />
    <FilingType>P</FilingType>
    <StateDst>FL18</StateDst>
    <Year>2021</Year>
    <FilingDate>3/18/2021</FilingDate>
    <DocID>20018421</DocID>
  </Member>
  <Member>
    <Prefix>Hon.</Prefix>
    <Last>Mast</Last>
    <First>Brian</First>
    <Suffix />
    <FilingType>P</FilingType>
    <StateDst>FL18</StateDst>
    <Year>2021</Year>
    <FilingDate>4/19/2021</FilingDate>
    <DocID>20018601</DocID>
  </Member>
  <Member>
    <Prefix>Hon.</Prefix>
    <Last>Matsui</Last>
    <First>Doris O.</First>
    <Suffix />
    <FilingType>P</FilingType>
    <StateDst>CA06</StateDst>
    <Year>2021</Year>
    <FilingDate>2/9/2021</FilingDate>
    <DocID>20018180</DocID>
  </Member>
  <Member>
    <Prefix>Hon.</Prefix>
    <Last>Matsui</Last>
    <First>Doris O.</First>
    <Suffix />
    <FilingType>P</FilingType>
    <StateDst>CA06</StateDst>
    <Year>2021</Year>
    <FilingDate>2/12/2021</FilingDate>
    <DocID>8217852</DocID>
  </Member>
  <Member>
    <Prefix>Hon.</Prefix>
    <Last>McAdams</Last>
    <First>Ben</First>
    <Suffix />
    <FilingType>T</FilingType>
    <StateDst>UT04</StateDst>
    <Year>2021</Year>
    <FilingDate>1/30/2021</FilingDate>
    <DocID>10039488</DocID>
  </Member>
  <Member>
    <Prefix>Hon.</Prefix>
    <Last>McCaul</Last>
    <First>Michael T.</First>
    <Suffix />
    <FilingType>P</FilingType>
    <StateDst>TX10</StateDst>
    <Year>2021</Year>
    <FilingDate>2/25/2021</FilingDate>
    <DocID>8217869</DocID>
  </Member>
  <Member>
    <Prefix>Hon.</Prefix>
    <Last>McCaul</Last>
    <First>Michael T.</First>
    <Suffix />
    <FilingType>P</FilingType>
    <StateDst>TX10</StateDst>
    <Year>2021</Year>
    <FilingDate>3/30/2021</FilingDate>
    <DocID>8217912</DocID>
  </Member>
  <Member>
    <Prefix>Hon.</Prefix>
    <Last>McCaul</Last>
    <First>Michael T.</First>
    <Suffix />
    <FilingType>P</FilingType>
    <StateDst>TX10</StateDst>
    <Year>2021</Year>
    <FilingDate>4/19/2021</FilingDate>
    <DocID>8217977</DocID>
  </Member>
  <Member>
    <Prefix>Hon.</Prefix>
    <Last>McHenry</Last>
    <First>Patrick T.</First>
    <Suffix />
    <FilingType>P</FilingType>
    <StateDst>NC10</StateDst>
    <Year>2021</Year>
    <FilingDate>1/10/2021</FilingDate>
    <DocID>20018005</DocID>
  </Member>
  <Member>
    <Prefix>Hon.</Prefix>
    <Last>McKinley</Last>
    <First>David B.</First>
    <Suffix />
    <FilingType>P</FilingType>
    <StateDst>WV01</StateDst>
    <Year>2021</Year>
    <FilingDate>3/1/2021</FilingDate>
    <DocID>20018300</DocID>
  </Member>
  <Member>
    <Prefix>Hon.</Prefix>
    <Last>McKinley</Last>
    <First>David B.</First>
    <Suffix />
    <FilingType>P</FilingType>
    <StateDst>WV01</StateDst>
    <Year>2021</Year>
    <FilingDate>4/6/2021</FilingDate>
    <DocID>20018503</DocID>
  </Member>
  <Member>
    <Prefix />
    <Last>Medina</Last>
    <First>Ian Anthony</First>
    <Suffix />
    <FilingType>C</FilingType>
    <StateDst>NY10</StateDst>
    <Year>2021</Year>
    <FilingDate>3/4/2021</FilingDate>
    <DocID>10039581</DocID>
  </Member>
  <Member>
    <Prefix>Mr.</Prefix>
    <Last>Meijer</Last>
    <First>Peter</First>
    <Suffix />
    <FilingType>P</FilingType>
    <StateDst>MI03</StateDst>
    <Year>2021</Year>
    <FilingDate>2/23/2021</FilingDate>
    <DocID>20018188</DocID>
  </Member>
  <Member>
    <Prefix>Mr.</Prefix>
    <Last>Meijer</Last>
    <First>Peter</First>
    <Suffix />
    <FilingType>P</FilingType>
    <StateDst>MI03</StateDst>
    <Year>2021</Year>
    <FilingDate>3/16/2021</FilingDate>
    <DocID>20018311</DocID>
  </Member>
  <Member>
    <Prefix />
    <Last>Miller</Last>
    <First>Stephen</First>
    <Suffix />
    <FilingType>C</FilingType>
    <StateDst>NC07</StateDst>
    <Year>2021</Year>
    <FilingDate>3/30/2021</FilingDate>
    <DocID>8217915</DocID>
  </Member>
  <Member>
    <Prefix>Hon.</Prefix>
    <Last>Mitchell</Last>
    <First>Paul</First>
    <Suffix>III</Suffix>
    <FilingType>T</FilingType>
    <StateDst>MI10</StateDst>
    <Year>2021</Year>
    <FilingDate>1/19/2021</FilingDate>
    <DocID>10039411</DocID>
  </Member>
  <Member>
    <Prefix />
    <Last>Moore</Last>
    <First>John W.</First>
    <Suffix />
    <FilingType>C</FilingType>
    <StateDst>AZ01</StateDst>
    <Year>2021</Year>
    <FilingDate>4/10/2021</FilingDate>
    <DocID>10039718</DocID>
  </Member>
  <Member>
    <Prefix>Hon.</Prefix>
    <Last>Moulton</Last>
    <First>Seth</First>
    <Suffix />
    <FilingType>P</FilingType>
    <StateDst>MA06</StateDst>
    <Year>2021</Year>
    <FilingDate>4/11/2021</FilingDate>
    <DocID>20018427</DocID>
  </Member>
  <Member>
    <Prefix>Hon.</Prefix>
    <Last>Mucarsel-Powell</Last>
    <First>Debbie</First>
    <Suffix />
    <FilingType>X</FilingType>
    <StateDst>FL26</StateDst>
    <Year>2021</Year>
    <FilingDate>1/11/2021</FilingDate>
    <DocID>30011631</DocID>
  </Member>
  <Member>
    <Prefix>Hon.</Prefix>
    <Last>Murphy</Last>
    <First>Greg Francis</First>
    <Suffix />
    <FilingType>P</FilingType>
    <StateDst>NC03</StateDst>
    <Year>2021</Year>
    <FilingDate>2/12/2021</FilingDate>
    <DocID>20016924</DocID>
  </Member>
  <Member>
    <Prefix />
    <Last>Newman</Last>
    <First>Marie</First>
    <Suffix />
    <FilingType>P</FilingType>
    <StateDst>IL03</StateDst>
    <Year>2021</Year>
    <FilingDate>2/13/2021</FilingDate>
    <DocID>20018190</DocID>
  </Member>
  <Member>
    <Prefix>Hon.</Prefix>
    <Last>Newman</Last>
    <First>Marie</First>
    <Suffix />
    <FilingType>P</FilingType>
    <StateDst>IL03</StateDst>
    <Year>2021</Year>
    <FilingDate>4/15/2021</FilingDate>
    <DocID>20018385</DocID>
  </Member>
  <Member>
    <Prefix>Hon.</Prefix>
    <Last>Newman</Last>
    <First>Marie</First>
    <Suffix />
    <FilingType>P</FilingType>
    <StateDst>IL03</StateDst>
    <Year>2021</Year>
    <FilingDate>4/15/2021</FilingDate>
    <DocID>20018592</DocID>
  </Member>
  <Member>
    <Prefix>Hon.</Prefix>
    <Last>Newman</Last>
    <First>Marie</First>
    <Suffix />
    <FilingType>P</FilingType>
    <StateDst>IL03</StateDst>
    <Year>2021</Year>
    <FilingDate>4/21/2021</FilingDate>
    <DocID>20018616</DocID>
  </Member>
  <Member>
    <Prefix />
    <Last>Nicoloff</Last>
    <First>Josh</First>
    <Suffix />
    <FilingType>C</FilingType>
    <StateDst>MO03</StateDst>
    <Year>2021</Year>
    <FilingDate>4/26/2021</FilingDate>
    <DocID>10039837</DocID>
  </Member>
  <Member>
    <Prefix>Hon.</Prefix>
    <Last>Norton</Last>
    <First>Eleanor Holmes</First>
    <Suffix />
    <FilingType>P</FilingType>
    <StateDst>DC00</StateDst>
    <Year>2021</Year>
    <FilingDate>4/12/2021</FilingDate>
    <DocID>20018566</DocID>
  </Member>
  <Member>
    <Prefix>Hon.</Prefix>
    <Last>Olson</Last>
    <First>Pete</First>
    <Suffix />
    <FilingType>T</FilingType>
    <StateDst>TX22</StateDst>
    <Year>2021</Year>
    <FilingDate>4/26/2021</FilingDate>
    <DocID>10039449</DocID>
  </Member>
  <Member>
    <Prefix>Hon.</Prefix>
    <Last>Olson</Last>
    <First>Pete</First>
    <Suffix />
    <FilingType>X</FilingType>
    <StateDst>TX22</StateDst>
    <Year>2021</Year>
    <FilingDate>1/19/2021</FilingDate>
    <DocID>30011633</DocID>
  </Member>
  <Member>
    <Prefix />
    <Last>Painter</Last>
    <First>Teresa L Royal</First>
    <Suffix />
    <FilingType>D</FilingType>
    <StateDst>NC07</StateDst>
    <Year>2021</Year>
    <FilingDate>4/6/2021</FilingDate>
    <DocID>40003150</DocID>
  </Member>
  <Member>
    <Prefix>Hon.</Prefix>
    <Last>Pelosi</Last>
    <First>Nancy</First>
    <Suffix />
    <FilingType>P</FilingType>
    <StateDst>CA12</StateDst>
    <Year>2021</Year>
    <FilingDate>1/21/2021</FilingDate>
    <DocID>20018011</DocID>
  </Member>
  <Member>
    <Prefix>Hon.</Prefix>
    <Last>Pelosi</Last>
    <First>Nancy</First>
    <Suffix />
    <FilingType>P</FilingType>
    <StateDst>CA12</StateDst>
    <Year>2021</Year>
    <FilingDate>3/9/2021</FilingDate>
    <DocID>20018355</DocID>
  </Member>
  <Member>
    <Prefix>Hon.</Prefix>
    <Last>Pelosi</Last>
    <First>Nancy</First>
    <Suffix />
    <FilingType>P</FilingType>
    <StateDst>CA12</StateDst>
    <Year>2021</Year>
    <FilingDate>4/9/2021</FilingDate>
    <DocID>20018539</DocID>
  </Member>
  <Member>
    <Prefix>Hon.</Prefix>
    <Last>Peters</Last>
    <First>Scott H.</First>
    <Suffix />
    <FilingType>P</FilingType>
    <StateDst>CA52</StateDst>
    <Year>2021</Year>
    <FilingDate>1/13/2021</FilingDate>
    <DocID>20017994</DocID>
  </Member>
  <Member>
    <Prefix>Hon.</Prefix>
    <Last>Peters</Last>
    <First>Scott H.</First>
    <Suffix />
    <FilingType>P</FilingType>
    <StateDst>CA52</StateDst>
    <Year>2021</Year>
    <FilingDate>2/8/2021</FilingDate>
    <DocID>20018152</DocID>
  </Member>
  <Member>
    <Prefix>Hon.</Prefix>
    <Last>Peters</Last>
    <First>Scott H.</First>
    <Suffix />
    <FilingType>P</FilingType>
    <StateDst>CA52</StateDst>
    <Year>2021</Year>
    <FilingDate>3/11/2021</FilingDate>
    <DocID>20018346</DocID>
  </Member>
  <Member>
    <Prefix>Hon.</Prefix>
    <Last>Peters</Last>
    <First>Scott H.</First>
    <Suffix />
    <FilingType>P</FilingType>
    <StateDst>CA52</StateDst>
    <Year>2021</Year>
    <FilingDate>4/14/2021</FilingDate>
    <DocID>20018560</DocID>
  </Member>
  <Member>
    <Prefix>Hon.</Prefix>
    <Last>Peterson</Last>
    <First>Collin C.</First>
    <Suffix />
    <FilingType>T</FilingType>
    <StateDst>MN07</StateDst>
    <Year>2021</Year>
    <FilingDate>1/25/2021</FilingDate>
    <DocID>10039466</DocID>
  </Member>
  <Member>
    <Prefix />
    <Last>Pfaff</Last>
    <First>Teresa Marie</First>
    <Suffix />
    <FilingType>C</FilingType>
    <StateDst>IL16</StateDst>
    <Year>2021</Year>
    <FilingDate>4/24/2021</FilingDate>
    <DocID>10039770</DocID>
  </Member>
  <Member>
    <Prefix>Hon.</Prefix>
    <Last>Phillips</Last>
    <First>Dean</First>
    <Suffix />
    <FilingType>P</FilingType>
    <StateDst>MN03</StateDst>
    <Year>2021</Year>
    <FilingDate>1/9/2021</FilingDate>
    <DocID>20017991</DocID>
  </Member>
  <Member>
    <Prefix>Hon.</Prefix>
    <Last>Phillips</Last>
    <First>Dean</First>
    <Suffix />
    <FilingType>P</FilingType>
    <StateDst>MN03</StateDst>
    <Year>2021</Year>
    <FilingDate>2/13/2021</FilingDate>
    <DocID>20018175</DocID>
  </Member>
  <Member>
    <Prefix>Hon.</Prefix>
    <Last>Phillips</Last>
    <First>Dean</First>
    <Suffix />
    <FilingType>P</FilingType>
    <StateDst>MN03</StateDst>
    <Year>2021</Year>
    <FilingDate>3/9/2021</FilingDate>
    <DocID>20018352</DocID>
  </Member>
  <Member>
    <Prefix>Hon.</Prefix>
    <Last>Phillips</Last>
    <First>Dean</First>
    <Suffix />
    <FilingType>P</FilingType>
    <StateDst>MN03</StateDst>
    <Year>2021</Year>
    <FilingDate>4/7/2021</FilingDate>
    <DocID>20018523</DocID>
  </Member>
  <Member>
    <Prefix>Hon.</Prefix>
    <Last>Pingree</Last>
    <First>Chellie</First>
    <Suffix />
    <FilingType>P</FilingType>
    <StateDst>ME01</StateDst>
    <Year>2021</Year>
    <FilingDate>4/13/2021</FilingDate>
    <DocID>20018542</DocID>
  </Member>
  <Member>
    <Prefix />
    <Last>Preece</Last>
    <First>Christopher</First>
    <Suffix />
    <FilingType>D</FilingType>
    <StateDst>KY06</StateDst>
    <Year>2021</Year>
    <FilingDate>4/13/2021</FilingDate>
    <DocID>40003154</DocID>
  </Member>
  <Member>
    <Prefix>Hon.</Prefix>
    <Last>Price</Last>
    <First>David E.</First>
    <Suffix />
    <FilingType>P</FilingType>
    <StateDst>NC04</StateDst>
    <Year>2021</Year>
    <FilingDate>1/3/2021</FilingDate>
    <DocID>20017957</DocID>
  </Member>
  <Member>
    <Prefix>Hon.</Prefix>
    <Last>Price</Last>
    <First>David E.</First>
    <Suffix />
    <FilingType>P</FilingType>
    <StateDst>NC04</StateDst>
    <Year>2021</Year>
    <FilingDate>2/5/2021</FilingDate>
    <DocID>20018163</DocID>
  </Member>
  <Member>
    <Prefix>Hon.</Prefix>
    <Last>Price</Last>
    <First>David E.</First>
    <Suffix />
    <FilingType>P</FilingType>
    <StateDst>NC04</StateDst>
    <Year>2021</Year>
    <FilingDate>2/19/2021</FilingDate>
    <DocID>20018253</DocID>
  </Member>
  <Member>
    <Prefix />
    <Last>Purham</Last>
    <First>Randy</First>
    <Suffix />
    <FilingType>C</FilingType>
    <StateDst>AK00</StateDst>
    <Year>2021</Year>
    <FilingDate>4/2/2021</FilingDate>
    <DocID>10039689</DocID>
  </Member>
  <Member>
    <Prefix />
    <Last>Redden</Last>
    <First>Savanna</First>
    <Suffix />
    <FilingType>D</FilingType>
    <StateDst>OH01</StateDst>
    <Year>2021</Year>
    <FilingDate>4/13/2021</FilingDate>
    <DocID>40003153</DocID>
  </Member>
  <Member>
    <Prefix />
    <Last>Reuter</Last>
    <First>Kimberly Ann Clark</First>
    <Suffix />
    <FilingType>D</FilingType>
    <StateDst>GA10</StateDst>
    <Year>2021</Year>
    <FilingDate>4/21/2021</FilingDate>
    <DocID>40003161</DocID>
  </Member>
  <Member>
    <Prefix>Hon.</Prefix>
    <Last>Richmond</Last>
    <First>Cedric L.</First>
    <Suffix />
    <FilingType>E</FilingType>
    <StateDst>LA02</StateDst>
    <Year>2021</Year>
    <FilingDate>2/11/2021</FilingDate>
    <DocID>8217855</DocID>
  </Member>
  <Member>
    <Prefix />
    <Last>Robertson</Last>
    <First>Mark Steven</First>
    <Suffix />
    <FilingType>C</FilingType>
    <StateDst>NV03</StateDst>
    <Year>2021</Year>
    <FilingDate>4/28/2021</FilingDate>
    <DocID>10039768</DocID>
  </Member>
  <Member>
    <Prefix>Hon.</Prefix>
    <Last>Roby</Last>
    <First>Martha</First>
    <Suffix />
    <FilingType>X</FilingType>
    <StateDst>AL02</StateDst>
    <Year>2021</Year>
    <FilingDate>2/2/2021</FilingDate>
    <DocID>30011641</DocID>
  </Member>
  <Member>
    <Prefix />
    <Last>Rodermund</Last>
    <First>Jon Travis</First>
    <Suffix />
    <FilingType>C</FilingType>
    <StateDst>TX06</StateDst>
    <Year>2021</Year>
    <FilingDate>4/16/2021</FilingDate>
    <DocID>10039694</DocID>
  </Member>
  <Member>
    <Prefix />
    <Last>Rodermund</Last>
    <First>Jon Travis</First>
    <Suffix />
    <FilingType>D</FilingType>
    <StateDst>TX06</StateDst>
    <Year>2021</Year>
    <FilingDate>3/31/2021</FilingDate>
    <DocID>40003149</DocID>
  </Member>
  <Member>
    <Prefix />
    <Last>Rodriguez</Last>
    <First>Lucia S.</First>
    <Suffix />
    <FilingType>W</FilingType>
    <StateDst />
    <Year>2021</Year>
    <FilingDate />
    <DocID>8217932</DocID>
  </Member>
  <Member>
    <Prefix>Hon.</Prefix>
    <Last>Rogers</Last>
    <First>Harold Dallas</First>
    <Suffix />
    <FilingType>P</FilingType>
    <StateDst>KY05</StateDst>
    <Year>2021</Year>
    <FilingDate>2/10/2021</FilingDate>
    <DocID>8217844</DocID>
  </Member>
  <Member>
    <Prefix>Hon.</Prefix>
    <Last>Rogers</Last>
    <First>Harold Dallas</First>
    <Suffix />
    <FilingType>P</FilingType>
    <StateDst>KY05</StateDst>
    <Year>2021</Year>
    <FilingDate>4/1/2021</FilingDate>
    <DocID>8217925</DocID>
  </Member>
  <Member>
    <Prefix>Hon.</Prefix>
    <Last>Rogers</Last>
    <First>Harold Dallas</First>
    <Suffix />
    <FilingType>P</FilingType>
    <StateDst>KY05</StateDst>
    <Year>2021</Year>
    <FilingDate>4/1/2021</FilingDate>
    <DocID>8217926</DocID>
  </Member>
  <Member>
    <Prefix>Hon.</Prefix>
    <Last>Rooney</Last>
    <First>Francis</First>
    <Suffix />
    <FilingType>T</FilingType>
    <StateDst>FL19</StateDst>
    <Year>2021</Year>
    <FilingDate>2/3/2021</FilingDate>
    <DocID>8217834</DocID>
  </Member>
  <Member>
    <Prefix>Hon.</Prefix>
    <Last>Rose</Last>
    <First>Max</First>
    <Suffix />
    <FilingType>T</FilingType>
    <StateDst>NY11</StateDst>
    <Year>2021</Year>
    <FilingDate>2/2/2021</FilingDate>
    <DocID>10039490</DocID>
  </Member>
  <Member>
    <Prefix />
    <Last>Ross</Last>
    <First>Deborah K.</First>
    <Suffix />
    <FilingType>P</FilingType>
    <StateDst>NC02</StateDst>
    <Year>2021</Year>
    <FilingDate>1/24/2021</FilingDate>
    <DocID>20018072</DocID>
  </Member>
  <Member>
    <Prefix>Hon.</Prefix>
    <Last>Rouda</Last>
    <First>Harley E.</First>
    <Suffix>Jr</Suffix>
    <FilingType>X</FilingType>
    <StateDst>CA48</StateDst>
    <Year>2021</Year>
    <FilingDate>1/22/2021</FilingDate>
    <DocID>30011636</DocID>
  </Member>
  <Member>
    <Prefix>Hon.</Prefix>
    <Last>Rutherford</Last>
    <First>John</First>
    <Suffix />
    <FilingType>P</FilingType>
    <StateDst>FL04</StateDst>
    <Year>2021</Year>
    <FilingDate>2/2/2021</FilingDate>
    <DocID>20018123</DocID>
  </Member>
  <Member>
    <Prefix>Hon.</Prefix>
    <Last>Rutherford</Last>
    <First>John</First>
    <Suffix />
    <FilingType>P</FilingType>
    <StateDst>FL04</StateDst>
    <Year>2021</Year>
    <FilingDate>2/2/2021</FilingDate>
    <DocID>20018124</DocID>
  </Member>
  <Member>
    <Prefix>Hon.</Prefix>
    <Last>Rutherford</Last>
    <First>John</First>
    <Suffix />
    <FilingType>P</FilingType>
    <StateDst>FL04</StateDst>
    <Year>2021</Year>
    <FilingDate>3/8/2021</FilingDate>
    <DocID>20018350</DocID>
  </Member>
  <Member>
    <Prefix>Ms.</Prefix>
    <Last>Sanchez</Last>
    <First>Jana</First>
    <Suffix />
    <FilingType>C</FilingType>
    <StateDst>TX06</StateDst>
    <Year>2021</Year>
    <FilingDate>4/21/2021</FilingDate>
    <DocID>10039750</DocID>
  </Member>
  <Member>
    <Prefix />
    <Last>Sasinowski</Last>
    <First>Sass</First>
    <Suffix />
    <FilingType>C</FilingType>
    <StateDst>TX00</StateDst>
    <Year>2021</Year>
    <FilingDate>2/10/2021</FilingDate>
    <DocID>10039527</DocID>
  </Member>
  <Member>
    <Prefix>Hon.</Prefix>
    <Last>Schrader</Last>
    <First>Kurt</First>
    <Suffix />
    <FilingType>P</FilingType>
    <StateDst>OR05</StateDst>
    <Year>2021</Year>
    <FilingDate>2/23/2021</FilingDate>
    <DocID>8217870</DocID>
  </Member>
  <Member>
    <Prefix>Hon.</Prefix>
    <Last>Schrader</Last>
    <First>Kurt</First>
    <Suffix />
    <FilingType>P</FilingType>
    <StateDst>OR05</StateDst>
    <Year>2021</Year>
    <FilingDate>3/9/2021</FilingDate>
    <DocID>8217887</DocID>
  </Member>
  <Member>
    <Prefix>Hon.</Prefix>
    <Last>Schrader</Last>
    <First>Kurt</First>
    <Suffix />
    <FilingType>P</FilingType>
    <StateDst>OR05</StateDst>
    <Year>2021</Year>
    <FilingDate>4/1/2021</FilingDate>
    <DocID>8217927</DocID>
  </Member>
  <Member>
    <Prefix>Hon.</Prefix>
    <Last>Schrader</Last>
    <First>Kurt</First>
    <Suffix />
    <FilingType>P</FilingType>
    <StateDst>OR05</StateDst>
    <Year>2021</Year>
    <FilingDate>4/1/2021</FilingDate>
    <DocID>8217928</DocID>
  </Member>
  <Member>
    <Prefix>Hon.</Prefix>
    <Last>Scott</Last>
    <First>Austin</First>
    <Suffix />
    <FilingType>P</FilingType>
    <StateDst>GA08</StateDst>
    <Year>2021</Year>
    <FilingDate>2/12/2021</FilingDate>
    <DocID>20018208</DocID>
  </Member>
  <Member>
    <Prefix>Hon.</Prefix>
    <Last>Scott</Last>
    <First>Austin</First>
    <Suffix />
    <FilingType>P</FilingType>
    <StateDst>GA08</StateDst>
    <Year>2021</Year>
    <FilingDate>4/1/2021</FilingDate>
    <DocID>20018498</DocID>
  </Member>
  <Member>
    <Prefix />
    <Last>Sedillo Lopez</Last>
    <First>Antoinette</First>
    <Suffix />
    <FilingType>C</FilingType>
    <StateDst>NM01</StateDst>
    <Year>2021</Year>
    <FilingDate>3/25/2021</FilingDate>
    <DocID>10039667</DocID>
  </Member>
  <Member>
    <Prefix>Hon.</Prefix>
    <Last>Serrano</Last>
    <First>José E.</First>
    <Suffix />
    <FilingType>T</FilingType>
    <StateDst>NY15</StateDst>
    <Year>2021</Year>
    <FilingDate>1/17/2021</FilingDate>
    <DocID>10039447</DocID>
  </Member>
  <Member>
    <Prefix>Hon.</Prefix>
    <Last>Shalala</Last>
    <First>Donna</First>
    <Suffix />
    <FilingType>T</FilingType>
    <StateDst>FL27</StateDst>
    <Year>2021</Year>
    <FilingDate>2/24/2021</FilingDate>
    <DocID>10039414</DocID>
  </Member>
  <Member>
    <Prefix>Hon.</Prefix>
    <Last>Shalala</Last>
    <First>Donna</First>
    <Suffix />
    <FilingType>X</FilingType>
    <StateDst>FL27</StateDst>
    <Year>2021</Year>
    <FilingDate>1/22/2021</FilingDate>
    <DocID>30011635</DocID>
  </Member>
  <Member>
    <Prefix />
    <Last>Sheriff</Last>
    <First>Peggy</First>
    <Suffix />
    <FilingType>W</FilingType>
    <StateDst />
    <Year>2021</Year>
    <FilingDate />
    <DocID>8217933</DocID>
  </Member>
  <Member>
    <Prefix>Hon.</Prefix>
    <Last>Sherrill</Last>
    <First>Mikie</First>
    <Suffix />
    <FilingType>P</FilingType>
    <StateDst>NJ11</StateDst>
    <Year>2021</Year>
    <FilingDate>4/1/2021</FilingDate>
    <DocID>20018496</DocID>
  </Member>
  <Member>
    <Prefix>Hon.</Prefix>
    <Last>Shimkus</Last>
    <First>John</First>
    <Suffix />
    <FilingType>X</FilingType>
    <StateDst>IL15</StateDst>
    <Year>2021</Year>
    <FilingDate>2/2/2021</FilingDate>
    <DocID>30011642</DocID>
  </Member>
  <Member>
    <Prefix />
    <Last>Sigala</Last>
    <First>Angelina R.</First>
    <Suffix />
    <FilingType>C</FilingType>
    <StateDst>CA10</StateDst>
    <Year>2021</Year>
    <FilingDate>4/27/2021</FilingDate>
    <DocID>10039991</DocID>
  </Member>
  <Member>
    <Prefix>Hon.</Prefix>
    <Last>Simpson</Last>
    <First>Michael K.</First>
    <Suffix />
    <FilingType>P</FilingType>
    <StateDst>ID02</StateDst>
    <Year>2021</Year>
    <FilingDate>1/13/2021</FilingDate>
    <DocID>20018028</DocID>
  </Member>
  <Member>
    <Prefix>Hon.</Prefix>
    <Last>Simpson</Last>
    <First>Michael K.</First>
    <Suffix />
    <FilingType>P</FilingType>
    <StateDst>ID02</StateDst>
    <Year>2021</Year>
    <FilingDate>2/1/2021</FilingDate>
    <DocID>20018114</DocID>
  </Member>
  <Member>
    <Prefix>Hon.</Prefix>
    <Last>Simpson</Last>
    <First>Michael K.</First>
    <Suffix />
    <FilingType>P</FilingType>
    <StateDst>ID02</StateDst>
    <Year>2021</Year>
    <FilingDate>4/2/2021</FilingDate>
    <DocID>20018508</DocID>
  </Member>
  <Member>
    <Prefix />
    <Last>Smith</Last>
    <First>Gregg Harrison</First>
    <Suffix />
    <FilingType>W</FilingType>
    <StateDst />
    <Year>2021</Year>
    <FilingDate />
    <DocID>8217918</DocID>
  </Member>
  <Member>
    <Prefix />
    <Last>Smith</Last>
    <First>Sancha</First>
    <Suffix />
    <FilingType>A</FilingType>
    <StateDst>LA05</StateDst>
    <Year>2021</Year>
    <FilingDate>3/15/2021</FilingDate>
    <DocID>10039632</DocID>
  </Member>
  <Member>
    <Prefix />
    <Last>Smith</Last>
    <First>Sancha</First>
    <Suffix />
    <FilingType>C</FilingType>
    <StateDst>LA05</StateDst>
    <Year>2021</Year>
    <FilingDate>3/15/2021</FilingDate>
    <DocID>10039625</DocID>
  </Member>
  <Member>
    <Prefix>Hon.</Prefix>
    <Last>Spano</Last>
    <First>Vincent Ross</First>
    <Suffix />
    <FilingType>T</FilingType>
    <StateDst>FL15</StateDst>
    <Year>2021</Year>
    <FilingDate>1/29/2021</FilingDate>
    <DocID>10039486</DocID>
  </Member>
  <Member>
    <Prefix />
    <Last>Spartz</Last>
    <First>Victoria</First>
    <Suffix />
    <FilingType>P</FilingType>
    <StateDst>IN05</StateDst>
    <Year>2021</Year>
    <FilingDate>2/20/2021</FilingDate>
    <DocID>20018254</DocID>
  </Member>
  <Member>
    <Prefix>Hon.</Prefix>
    <Last>Steube</Last>
    <First>Greg</First>
    <Suffix />
    <FilingType>P</FilingType>
    <StateDst>FL17</StateDst>
    <Year>2021</Year>
    <FilingDate>2/24/2021</FilingDate>
    <DocID>20018273</DocID>
  </Member>
  <Member>
    <Prefix>Hon.</Prefix>
    <Last>Steube</Last>
    <First>Greg</First>
    <Suffix />
    <FilingType>P</FilingType>
    <StateDst>FL17</StateDst>
    <Year>2021</Year>
    <FilingDate>4/2/2021</FilingDate>
    <DocID>20018463</DocID>
  </Member>
  <Member>
    <Prefix />
    <Last>Tanaka</Last>
    <First>Greg</First>
    <Suffix />
    <FilingType>D</FilingType>
    <StateDst>CA18</StateDst>
    <Year>2021</Year>
    <FilingDate>4/21/2021</FilingDate>
    <DocID>8217988</DocID>
  </Member>
  <Member>
    <Prefix />
    <Last>Tanaka</Last>
    <First>Greg</First>
    <Suffix />
    <FilingType>X</FilingType>
    <StateDst>CA18</StateDst>
    <Year>2021</Year>
    <FilingDate>4/15/2021</FilingDate>
    <DocID>8217985</DocID>
  </Member>
  <Member>
    <Prefix>Mr.</Prefix>
    <Last>Taylor</Last>
    <First>Kirby Jerome Birgans</First>
    <Suffix />
    <FilingType>C</FilingType>
    <StateDst>IL01</StateDst>
    <Year>2021</Year>
    <FilingDate>4/13/2021</FilingDate>
    <DocID>10039720</DocID>
  </Member>
  <Member>
    <Prefix>Hon.</Prefix>
    <Last>Thornberry</Last>
    <First>Mac</First>
    <Suffix />
    <FilingType>T</FilingType>
    <StateDst>TX13</StateDst>
    <Year>2021</Year>
    <FilingDate>1/5/2021</FilingDate>
    <DocID>10039410</DocID>
  </Member>
  <Member>
    <Prefix>Hon.</Prefix>
    <Last>Tipton</Last>
    <First>Scott R.</First>
    <Suffix />
    <FilingType>T</FilingType>
    <StateDst>CO03</StateDst>
    <Year>2021</Year>
    <FilingDate>2/2/2021</FilingDate>
    <DocID>10039504</DocID>
  </Member>
  <Member>
    <Prefix>Hon.</Prefix>
    <Last>Torres Small</Last>
    <First>Xochitl</First>
    <Suffix />
    <FilingType>T</FilingType>
    <StateDst>NM02</StateDst>
    <Year>2021</Year>
    <FilingDate>2/3/2021</FilingDate>
    <DocID>10039508</DocID>
  </Member>
  <Member>
    <Prefix />
    <Last>Tucker</Last>
    <First>Terry</First>
    <Suffix />
    <FilingType>D</FilingType>
    <StateDst>TX03</StateDst>
    <Year>2021</Year>
    <FilingDate>3/31/2021</FilingDate>
    <DocID>8217922</DocID>
  </Member>
  <Member>
    <Prefix>Hon.</Prefix>
    <Last>Visclosky</Last>
    <First>Peter J.</First>
    <Suffix />
    <FilingType>T</FilingType>
    <StateDst>IN01</StateDst>
    <Year>2021</Year>
    <FilingDate>1/25/2021</FilingDate>
    <DocID>10039464</DocID>
  </Member>
  <Member>
    <Prefix>Hon.</Prefix>
    <Last>Wagner</Last>
    <First>Ann</First>
    <Suffix />
    <FilingType>P</FilingType>
    <StateDst>MO02</StateDst>
    <Year>2021</Year>
    <FilingDate>3/10/2021</FilingDate>
    <DocID>8217886</DocID>
  </Member>
  <Member>
    <Prefix>Hon.</Prefix>
    <Last>Wagner</Last>
    <First>Ann</First>
    <Suffix />
    <FilingType>P</FilingType>
    <StateDst>MO02</StateDst>
    <Year>2021</Year>
    <FilingDate>4/9/2021</FilingDate>
    <DocID>8217937</DocID>
  </Member>
  <Member>
    <Prefix>Hon.</Prefix>
    <Last>Walden</Last>
    <First>Greg</First>
    <Suffix />
    <FilingType>T</FilingType>
    <StateDst>OR02</StateDst>
    <Year>2021</Year>
    <FilingDate>1/28/2021</FilingDate>
    <DocID>10039482</DocID>
  </Member>
  <Member>
    <Prefix>Hon.</Prefix>
    <Last>Walker</Last>
    <First>Bradley Mark</First>
    <Suffix />
    <FilingType>X</FilingType>
    <StateDst>NC06</StateDst>
    <Year>2021</Year>
    <FilingDate>1/26/2021</FilingDate>
    <DocID>30011639</DocID>
  </Member>
  <Member>
    <Prefix>Hon.</Prefix>
    <Last>Wasserman Schultz</Last>
    <First>Debbie</First>
    <Suffix />
    <FilingType>P</FilingType>
    <StateDst>FL23</StateDst>
    <Year>2021</Year>
    <FilingDate>4/28/2021</FilingDate>
    <DocID>20018637</DocID>
  </Member>
  <Member>
    <Prefix>Hon.</Prefix>
    <Last>Watkins</Last>
    <First>Steven Charles</First>
    <Suffix>Jr.</Suffix>
    <FilingType>X</FilingType>
    <StateDst>KS02</StateDst>
    <Year>2021</Year>
    <FilingDate>1/25/2021</FilingDate>
    <DocID>30011637</DocID>
  </Member>
  <Member>
    <Prefix />
    <Last>Williams</Last>
    <First>Marsha Viriginia</First>
    <Suffix />
    <FilingType>C</FilingType>
    <StateDst>IL16</StateDst>
    <Year>2021</Year>
    <FilingDate>3/3/2021</FilingDate>
    <DocID>10039573</DocID>
  </Member>
  <Member>
    <Prefix />
    <Last>Williams</Last>
    <First>Marsha Viriginia</First>
    <Suffix />
    <FilingType>D</FilingType>
    <StateDst>IL16</StateDst>
    <Year>2021</Year>
    <FilingDate>3/4/2021</FilingDate>
    <DocID>40003129</DocID>
  </Member>
  <Member>
    <Prefix />
    <Last>Wilson</Last>
    <First>Daniel</First>
    <Suffix />
    <FilingType>C</FilingType>
    <StateDst>CA26</StateDst>
    <Year>2021</Year>
    <FilingDate>1/31/2021</FilingDate>
    <DocID>10039491</DocID>
  </Member>
  <Member>
    <Prefix />
    <Last>Wirth</Last>
    <First>Claire</First>
    <Suffix />
    <FilingType>D</FilingType>
    <StateDst>KY04</StateDst>
    <Year>2021</Year>
    <FilingDate>4/9/2021</FilingDate>
    <DocID>40003152</DocID>
  </Member>
  <Member>
    <Prefix>Hon.</Prefix>
    <Last>Wittman</Last>
    <First>Robert J.</First>
    <Suffix />
    <FilingType>P</FilingType>
    <StateDst>VA01</StateDst>
    <Year>2021</Year>
    <FilingDate>1/19/2021</FilingDate>
    <DocID>20018035</DocID>
  </Member>
  <Member>
    <Prefix>Hon.</Prefix>
    <Last>Wittman</Last>
    <First>Robert J.</First>
    <Suffix />
    <FilingType>P</FilingType>
    <StateDst>VA01</StateDst>
    <Year>2021</Year>
    <FilingDate>1/26/2021</FilingDate>
    <DocID>20018052</DocID>
  </Member>
  <Member>
    <Prefix>Hon.</Prefix>
    <Last>Wittman</Last>
    <First>Robert J.</First>
    <Suffix />
    <FilingType>P</FilingType>
    <StateDst>VA01</StateDst>
    <Year>2021</Year>
    <FilingDate>2/22/2021</FilingDate>
    <DocID>20018193</DocID>
  </Member>
  <Member>
    <Prefix>Hon.</Prefix>
    <Last>Wittman</Last>
    <First>Robert J.</First>
    <Suffix />
    <FilingType>P</FilingType>
    <StateDst>VA01</StateDst>
    <Year>2021</Year>
    <FilingDate>3/17/2021</FilingDate>
    <DocID>20018392</DocID>
  </Member>
  <Member>
    <Prefix>Hon.</Prefix>
    <Last>Wittman</Last>
    <First>Robert J.</First>
    <Suffix />
    <FilingType>P</FilingType>
    <StateDst>VA01</StateDst>
    <Year>2021</Year>
    <FilingDate>4/12/2021</FilingDate>
    <DocID>20018552</DocID>
  </Member>
  <Member>
    <Prefix />
    <Last>Wood</Last>
    <First>Michael A.</First>
    <Suffix />
    <FilingType>C</FilingType>
    <StateDst>TX06</StateDst>
    <Year>2021</Year>
    <FilingDate>4/1/2021</FilingDate>
    <DocID>10039685</DocID>
  </Member>
  <Member>
    <Prefix>Hon.</Prefix>
    <Last>Woodall</Last>
    <First>Rob</First>
    <Suffix />
    <FilingType>T</FilingType>
    <StateDst>GA07</StateDst>
    <Year>2021</Year>
    <FilingDate>4/19/2021</FilingDate>
    <DocID>10039739</DocID>
  </Member>
  <Member>
    <Prefix />
    <Last>Wright</Last>
    <First>Susan</First>
    <Suffix />
    <FilingType>C</FilingType>
    <StateDst>TX06</StateDst>
    <Year>2021</Year>
    <FilingDate>3/31/2021</FilingDate>
    <DocID>10039656</DocID>
  </Member>
  <Member>
    <Prefix />
    <Last>Wysocki</Last>
    <First>Frederick</First>
    <Suffix />
    <FilingType>C</FilingType>
    <StateDst>RI01</StateDst>
    <Year>2021</Year>
    <FilingDate>3/31/2021</FilingDate>
    <DocID>10039698</DocID>
  </Member>
  <Member>
    <Prefix />
    <Last>Yakhour</Last>
    <First>Wadi</First>
    <Suffix />
    <FilingType>C</FilingType>
    <StateDst>WA03</StateDst>
    <Year>2021</Year>
    <FilingDate>3/21/2021</FilingDate>
    <DocID>10039657</DocID>
  </Member>
  <Member>
    <Prefix>Hon.</Prefix>
    <Last>Yarmuth</Last>
    <First>John A.</First>
    <Suffix />
    <FilingType>P</FilingType>
    <StateDst>KY03</StateDst>
    <Year>2021</Year>
    <FilingDate>2/19/2021</FilingDate>
    <DocID>20018244</DocID>
  </Member>
  <Member>
    <Prefix>Hon.</Prefix>
    <Last>Yarmuth</Last>
    <First>John A.</First>
    <Suffix />
    <FilingType>P</FilingType>
    <StateDst>KY03</StateDst>
    <Year>2021</Year>
    <FilingDate>4/21/2021</FilingDate>
    <DocID>20018609</DocID>
  </Member>
  <Member>
    <Prefix>Hon.</Prefix>
    <Last>Yoho</Last>
    <First>Ted S.</First>
    <Suffix />
    <FilingType>T</FilingType>
    <StateDst>FL03</StateDst>
    <Year>2021</Year>
    <FilingDate>1/29/2021</FilingDate>
    <DocID>8217831</DocID>
  </Member>
</FinancialDisclosure>